order_id,date,customer_age,product_category,region,quantity,unit_price,discount_pct,payment_method,order_status,customer_satisfaction,return_flag,revenue
10000,2022-01-01 00:00:00.000000,56.0,Books,South,5.0,484.71,0.214,crypto,Refunded,,1.0,1904.91
10001,2022-01-01 21:55:05.754795,69.0,Electronics,South,3.0,174.4,0.015,,Refunded,2.0,0.0,515.35
10002,2022-01-02 19:50:11.509591,46.0,Books,South,12.0,31.48,0.323,Credit Card,Cancelled,5.0,0.0,255.74
10003,2022-01-03 17:45:17.264386,32.0,Electronics,South,1.0,336.21,0.128,crypto,Refunded,3.0,0.0,293.18
10004,2022-01-04 15:40:23.019182,60.0,Books,,9.0,29.31,0.225,PayPal,PENDING,,0.0,204.44
10005,2022-01-05 13:35:28.773978,25.0,Beauty,West,9.0,78.99,0.112,Debit Card,PENDING,2.0,0.0,631.29
10006,2022-01-06 11:30:34.528773,38.0,Electronics,,4.0,33.52,0.313,PayPal,Refunded,2.0,0.0,92.11
10007,2022-01-07 09:25:40.283569,56.0,Clothing,,3.0,53.38,0.355,Cash,Cancelled,5.0,0.0,103.29
10008,2022-01-08 07:20:46.038365,36.0,Home,Central,17.0,47.0,0.159,Cash,completed,5.0,,671.96
10009,2022-01-09 05:15:51.793160,40.0,Toys,East,2.0,19.89,0.345,Cash,Refunded,5.0,0.0,26.06
10010,2022-01-10 03:10:57.547956,28.0,Home,,1.0,122.85,0.107,,Refunded,3.0,0.0,109.71
10011,2022-01-11 01:06:03.302752,28.0,Sports,North,8.0,78.19,0.214,Credit Card,Refunded,2.0,0.0,491.66
10012,2022-01-11 23:01:09.057547,41.0,Home,North,13.0,113.66,0.344,PayPal,Refunded,4.0,0.0,969.29
10013,2022-01-12 20:56:14.812343,70.0,Food,North,15.0,48.63,,Debit Card,Cancelled,3.0,0.0,634.62
10014,2022-01-13 18:51:20.567139,53.0,Beauty,South,8.0,11.16,0.382,Cash,completed,1.0,0.0,55.18
10015,2022-01-14 16:46:26.321934,57.0,Books,West,12.0,257.56,0.049,PayPal,completed,,0.0,2939.27
10016,2022-01-15 14:41:32.076730,,Sports,,12.0,24.17,0.007,Cash,Completed,5.0,,288.01
10017,2022-01-16 12:36:37.831526,20.0,Food,West,14.0,51.26,0.362,Cash,Refunded,2.0,1.0,457.85
10018,2022-01-17 10:31:43.586321,39.0,Food,West,15.0,70.98,0.027,Debit Card,Refunded,,0.0,1035.95
10019,2022-01-18 08:26:49.341117,70.0,Electronics,East,15.0,50.85,0.397,,Completed,3.0,1.0,459.94
10020,2022-01-19 06:21:55.095913,19.0,Home,East,9.0,99.34,0.381,Credit Card,completed,1.0,0.0,553.42
10021,2022-01-20 04:17:00.850708,41.0,Clothing,West,19.0,120.07,0.055,crypto,Pending,3.0,1.0,2155.86
10022,2022-01-21 02:12:06.605504,61.0,Toys,West,8.0,25.28,0.215,PayPal,PENDING,3.0,0.0,158.76
10023,2022-01-22 00:07:12.360300,47.0,Clothing,South,19.0,232.89,0.074,crypto,Pending,4.0,0.0,4097.47
10024,2022-01-22 22:02:18.115095,55.0,Sports,South,6.0,24.04,,PayPal,completed,,1.0,119.57
10025,2022-01-23 19:57:23.869891,19.0,Beauty,East,19.0,49.61,0.025,PayPal,Refunded,4.0,1.0,919.03
10026,2022-01-24 17:52:29.624687,38.0,Clothing,North,4.0,20.8,0.09,Credit Card,Pending,3.0,1.0,75.71
10027,2022-01-25 15:47:35.379482,50.0,Books,West,7.0,14.76,0.145,Debit Card,Cancelled,1.0,0.0,88.34
10028,2022-01-26 13:42:41.134278,29.0,Clothing,South,4.0,115.93,0.175,Credit Card,Cancelled,2.0,,382.57
10029,2022-01-27 11:37:46.889074,39.0,Sports,East,12.0,1402.87,0.391,crypto,Completed,2.0,,10252.17
10030,2022-01-28 09:32:52.643869,,Toys,South,13.0,21.45,0.323,PayPal,completed,,0.0,188.78
10031,2022-01-29 07:27:58.398665,42.0,Clothing,West,3.0,142.36,0.295,Cash,completed,5.0,0.0,301.09
10032,2022-01-30 05:23:04.153461,66.0,Books,West,12.0,22.4,0.215,Cash,Pending,5.0,0.0,211.01
10033,2022-01-31 03:18:09.908256,44.0,Electronics,Central,2.0,32.7,0.336,,Refunded,2.0,,43.43
10034,2022-02-01 01:13:15.663052,59.0,Beauty,North,2.0,272.9,0.136,Credit Card,completed,3.0,0.0,471.57
10035,2022-02-01 23:08:21.417848,45.0,Sports,Central,9.0,9.13,0.284,Debit Card,Pending,3.0,0.0,58.83
10036,2022-02-02 21:03:27.172643,33.0,Electronics,,1.0,6.65,0.398,Credit Card,Pending,4.0,0.0,4.0
10037,2022-02-03 18:58:32.927439,32.0,Electronics,South,8.0,29.83,0.126,PayPal,PENDING,,0.0,208.57
10038,2022-02-04 16:53:38.682235,64.0,Electronics,East,6.0,73.43,0.27,PayPal,PENDING,4.0,0.0,321.62
10039,2022-02-05 14:48:44.437030,68.0,Food,West,6.0,57.77,0.338,Debit Card,completed,5.0,0.0,229.46
10040,2022-02-06 12:43:50.191826,61.0,Beauty,Central,18.0,51.05,0.366,crypto,Pending,2.0,,582.58
10041,2022-02-07 10:38:55.946622,72.0,Toys,Central,17.0,34.5,0.287,crypto,Completed,3.0,0.0,418.17
10042,2022-02-08 08:34:01.701417,69.0,Home,Central,12.0,85.1,0.113,Debit Card,Completed,2.0,1.0,905.8
10043,2022-02-09 06:29:07.456213,74.0,Beauty,East,6.0,1.0,0.131,crypto,PENDING,1.0,0.0,5.21
10044,2022-02-10 04:24:13.211009,20.0,Food,West,8.0,13.45,0.008,Cash,completed,2.0,0.0,106.74
10045,2022-02-11 02:19:18.965804,54.0,Home,South,19.0,29.6,0.304,crypto,Refunded,1.0,0.0,391.43
10046,2022-02-12 00:14:24.720600,68.0,Beauty,South,10.0,77.13,0.017,crypto,Completed,4.0,0.0,758.19
10047,2022-02-12 22:09:30.475396,24.0,Electronics,East,1.0,197.89,,crypto,Completed,4.0,0.0,129.42
10048,2022-02-13 20:04:36.230191,38.0,Sports,Central,13.0,11.45,0.047,Cash,PENDING,5.0,,141.85
10049,2022-02-14 17:59:41.984987,26.0,Home,North,17.0,190.28,0.069,crypto,PENDING,2.0,0.0,3011.56
10050,2022-02-15 15:54:47.739783,56.0,Books,East,3.0,19.24,0.191,Cash,completed,2.0,0.0,46.7
10051,2022-02-16 13:49:53.494578,35.0,Books,East,8.0,28.34,0.295,Debit Card,PENDING,1.0,0.0,159.84
10052,2022-02-17 11:44:59.249374,21.0,Clothing,West,14.0,66.53,0.056,Credit Card,Cancelled,4.0,0.0,879.26
10053,2022-02-18 09:40:05.004170,42.0,Home,South,3.0,25.95,0.176,Debit Card,Pending,1.0,,64.15
10054,2022-02-19 07:35:10.758965,31.0,Sports,East,16.0,125.48,0.193,Credit Card,Completed,4.0,0.0,1620.2
10055,2022-02-20 05:30:16.513761,67.0,Toys,East,13.0,20.38,0.085,Debit Card,Cancelled,1.0,0.0,242.42
10056,2022-02-21 03:25:22.268557,26.0,Food,Central,17.0,20.75,0.046,Credit Card,Refunded,4.0,0.0,336.52
10057,2022-02-22 01:20:28.023352,43.0,Electronics,,13.0,117.02,0.335,Credit Card,Cancelled,1.0,0.0,1011.64
10058,2022-02-22 23:15:33.778148,70.0,Clothing,North,6.0,13.25,0.201,PayPal,completed,4.0,0.0,63.52
10059,2022-02-23 21:10:39.532944,19.0,Books,West,17.0,44.64,0.006,Credit Card,Refunded,,0.0,754.33
10060,2022-02-24 19:05:45.287739,,Food,North,14.0,4.52,0.321,Credit Card,Refunded,1.0,0.0,42.97
10061,2022-02-25 17:00:51.042535,45.0,Food,Central,17.0,294.0,0.392,PayPal,PENDING,2.0,0.0,3038.78
10062,2022-02-26 14:55:56.797331,64.0,Electronics,South,8.0,140.87,,crypto,Cancelled,5.0,0.0,854.24
10063,2022-02-27 12:51:02.552126,24.0,Toys,Central,11.0,897.96,0.201,,completed,,1.0,7892.17
10064,2022-02-28 10:46:08.306922,61.0,Toys,West,1.0,165.02,0.351,PayPal,Completed,,0.0,107.1
10065,2022-03-01 08:41:14.061718,25.0,Home,Central,7.0,8.54,0.381,Cash,PENDING,1.0,1.0,37.0
10066,2022-03-02 06:36:19.816513,,Books,West,17.0,73.88,0.302,Credit Card,Cancelled,5.0,1.0,876.66
10067,2022-03-03 04:31:25.571309,52.0,Toys,West,10.0,11.01,0.178,Credit Card,Completed,2.0,0.0,90.5
10068,2022-03-04 02:26:31.326105,31.0,Sports,West,11.0,220.0,0.237,PayPal,Cancelled,,0.0,1846.46
10069,2022-03-05 00:21:37.080900,34.0,Toys,West,9.0,8.83,0.28,PayPal,PENDING,2.0,0.0,57.22
10070,2022-03-05 22:16:42.835696,53.0,Food,West,9.0,8.34,0.078,Cash,Completed,4.0,1.0,69.21
10071,2022-03-06 20:11:48.590492,67.0,Electronics,South,5.0,13332.780000538936,0.179,crypto,PENDING,5.0,0.0,19.7
10072,2022-03-07 18:06:54.345287,57.0,Sports,North,17.0,18.43,0.332,Debit Card,Cancelled,3.0,0.0,209.29
10073,2022-03-08 16:02:00.100083,21.0,Home,East,9.0,14.48,0.262,crypto,Refunded,4.0,0.0,96.18
10074,2022-03-09 13:57:05.854879,19.0,Books,North,17.0,7.29,0.164,Credit Card,Pending,5.0,,103.61
10075,2022-03-10 11:52:11.609674,23.0,Home,West,19.0,360.6,0.265,PayPal,Refunded,1.0,0.0,5035.78
10076,2022-03-11 09:47:17.364470,71.0,Food,South,7.0,62.54,0.047,Cash,PENDING,1.0,0.0,417.2
10077,2022-03-12 07:42:23.119266,59.0,Sports,Central,9.0,54.31,0.161,crypto,PENDING,2.0,0.0,410.09
10078,2022-03-13 05:37:28.874061,21.0,Sports,South,7.0,222.96,0.317,Cash,PENDING,,0.0,1065.97
10079,2022-03-14 03:32:34.628857,71.0,Sports,,13.0,45.04,0.088,crypto,Completed,3.0,0.0,533.99
10080,2022-03-15 01:27:40.383653,46.0,Food,South,11.0,13.49,0.074,Credit Card,completed,1.0,1.0,137.41
10081,2022-03-15 23:22:46.138448,35.0,Food,South,14.0,4.3,0.38,Debit Card,PENDING,5.0,1.0,37.32
10082,2022-03-16 21:17:51.893244,43.0,Home,West,19.0,12.6,0.084,Cash,Refunded,,1.0,219.29
10083,2022-03-17 19:12:57.648040,61.0,Clothing,South,11.0,201.64,0.104,Cash,Pending,,0.0,1987.36
10084,2022-03-18 17:08:03.402835,51.0,Home,East,13.0,7.34,,Debit Card,PENDING,5.0,0.0,58.4
10085,2022-03-19 15:03:09.157631,27.0,Books,East,14.0,50.59,0.294,Cash,PENDING,,0.0,500.03
10086,2022-03-20 12:58:14.912427,53.0,Electronics,South,13.0,114.52,0.28,Cash,PENDING,1.0,0.0,1071.91
10087,2022-03-21 10:53:20.667222,,Sports,Central,1.0,46.64,0.341,crypto,Completed,5.0,0.0,30.74
10088,2022-03-22 08:48:26.422018,48.0,Clothing,West,8.0,53.45,0.046,crypto,PENDING,5.0,0.0,407.93
10089,2022-03-23 06:43:32.176814,65.0,Electronics,East,12.0,72.73,0.282,Debit Card,Refunded,2.0,0.0,626.64
10090,2022-03-24 04:38:37.931609,32.0,Clothing,Central,19.0,52.2,0.201,,Cancelled,3.0,0.0,792.45
10091,2022-03-25 02:33:43.686405,25.0,Toys,South,12.0,228.35,0.332,Cash,completed,2.0,0.0,1830.45
10092,2022-03-26 00:28:49.441201,31.0,Toys,Central,8.0,9.5,0.203,Credit Card,PENDING,3.0,,60.57
10093,2022-03-26 22:23:55.195996,40.0,Beauty,North,8.0,44.19,,Debit Card,Completed,5.0,0.0,265.85
10094,2022-03-27 20:19:00.950792,74.0,Toys,East,13.0,3.74,0.191,Debit Card,Refunded,,,39.33
10095,2022-03-28 18:14:06.705587,57.0,Home,South,12.0,2.75,0.191,crypto,PENDING,3.0,1.0,26.7
10096,2022-03-29 16:09:12.460383,38.0,Toys,West,16.0,30.02,0.307,Cash,Completed,5.0,0.0,332.86
10097,2022-03-30 14:04:18.215179,33.0,Food,South,1.0,63.56,0.251,PayPal,Cancelled,5.0,0.0,47.61
10098,2022-03-31 11:59:23.969974,62.0,Sports,West,13.0,234.35,0.253,Debit Card,Pending,2.0,0.0,2275.77
10099,2022-04-01 09:54:29.724770,35.0,Home,South,7.0,604.11,0.18,Cash,PENDING,2.0,1.0,3467.59
10100,2022-04-02 07:49:35.479566,64.0,Electronics,,5.0,161.39,0.212,,Refunded,,0.0,635.88
10101,2022-04-03 05:44:41.234361,70.0,Beauty,Central,8.0,79.25,0.298,,Completed,4.0,,445.07
10102,2022-04-04 03:39:46.989157,41.0,Beauty,,14.0,40.12,0.33,Credit Card,Completed,1.0,0.0,376.33
10103,2022-04-05 01:34:52.743953,43.0,Beauty,North,13.0,5.27,0.279,Debit Card,PENDING,4.0,1.0,49.4
10104,2022-04-05 23:29:58.498748,42.0,Electronics,West,15.0,27.79,0.37,Debit Card,Completed,4.0,1.0,262.62
10105,2022-04-06 21:25:04.253544,62.0,Electronics,Central,17.0,155.78,0.328,Credit Card,Pending,,0.0,1779.63
10106,2022-04-07 19:20:10.008340,58.0,Electronics,North,15.0,97.31,,Debit Card,Completed,3.0,0.0,1131.23
10107,2022-04-08 17:15:15.763135,46.0,Electronics,West,18.0,7.07,0.269,Cash,completed,,0.0,93.03
10108,2022-04-09 15:10:21.517931,32.0,Beauty,South,18.0,69.19,0.371,,completed,,0.0,783.37
10109,2022-04-10 13:05:27.272727,62.0,Beauty,North,2.0,62.43,0.248,crypto,Completed,5.0,0.0,93.89
10110,2022-04-11 11:00:33.027522,18.0,Clothing,East,4.0,50.39,0.33,Cash,PENDING,5.0,1.0,135.05
10111,2022-04-12 08:55:38.782318,42.0,Home,North,1.0,32.03,0.276,PayPal,completed,5.0,0.0,23.19
10112,2022-04-13 06:50:44.537114,24.0,Sports,North,4.0,73.6,0.221,Debit Card,Refunded,1.0,,229.34
10113,2022-04-14 04:45:50.291909,26.0,Toys,West,18.0,76.46,0.097,Debit Card,completed,3.0,1.0,1242.78
10114,2022-04-15 02:40:56.046705,41.0,Toys,South,5.0,15.34,0.17,crypto,Completed,3.0,0.0,63.66
10115,2022-04-16 00:36:01.801501,18.0,Food,East,19.0,57.17,0.387,crypto,PENDING,5.0,,665.86
10116,2022-04-16 22:31:07.556296,61.0,Beauty,Central,15.0,26.38,0.263,Credit Card,Cancelled,4.0,0.0,291.63
10117,2022-04-17 20:26:13.311092,25.0,Food,Central,8.0,5.56,0.226,Credit Card,PENDING,1.0,1.0,34.43
10118,2022-04-18 18:21:19.065888,,Home,North,17.0,16.88,0.373,Credit Card,PENDING,4.0,0.0,179.92
10119,2022-04-19 16:16:24.820683,28.0,Home,West,1.0,5.07,0.235,crypto,PENDING,2.0,0.0,3.88
10120,2022-04-20 14:11:30.575479,68.0,Food,West,12.0,107.35,0.21,Credit Card,Refunded,3.0,0.0,1017.68
10121,2022-04-21 12:06:36.330275,34.0,Beauty,Central,19.0,50.76,0.304,Credit Card,Pending,3.0,0.0,671.25
10122,2022-04-22 10:01:42.085070,25.0,Food,East,15.0,21.62,,PayPal,Completed,4.0,0.0,231.87
10123,2022-04-23 07:56:47.839866,52.0,Toys,South,9.0,182.11,0.077,,Pending,1.0,0.0,1512.79
10124,2022-04-24 05:51:53.594662,52.0,Clothing,East,7.0,35.93,0.189,Debit Card,Cancelled,3.0,0.0,203.97
10125,2022-04-25 03:46:59.349457,50.0,Toys,,2.0,5.94,,crypto,Pending,4.0,,9.63
10126,2022-04-26 01:42:05.104253,,Books,Central,9.0,19.54,0.151,Cash,Completed,,0.0,149.31
10127,2022-04-26 23:37:10.859049,59.0,Beauty,South,10.0,234.96,0.207,PayPal,Completed,,0.0,1863.23
10128,2022-04-27 21:32:16.613844,,Beauty,West,2.0,14.83,0.165,crypto,Cancelled,1.0,0.0,24.77
10129,2022-04-28 19:27:22.368640,,Sports,North,19.0,46.07,0.08,crypto,Completed,4.0,1.0,805.3
10130,2022-04-29 17:22:28.123436,45.0,Electronics,North,11.0,80.85,0.165,Debit Card,Cancelled,,,742.61
10131,2022-04-30 15:17:33.878231,24.0,Books,,13.0,67.22,0.029,Credit Card,Cancelled,1.0,0.0,848.52
10132,2022-05-01 13:12:39.633027,26.0,Home,West,10.0,626.0,0.23,Debit Card,Completed,5.0,0.0,4820.2
10133,2022-05-02 11:07:45.387823,25.0,Beauty,East,14.0,8.07,,Credit Card,completed,1.0,0.0,74.45
10134,2022-05-03 09:02:51.142618,29.0,Food,West,18.0,9.1,0.29,Credit Card,Cancelled,2.0,0.0,116.3
10135,2022-05-04 06:57:56.897414,51.0,Books,North,19.0,8.23,0.144,crypto,Completed,5.0,1.0,133.85
10136,2022-05-05 04:53:02.652210,50.0,Sports,North,9.0,23.22,0.035,Credit Card,completed,4.0,0.0,201.67
10137,2022-05-06 02:48:08.407005,,Home,West,7.0,123.87,0.081,PayPal,Cancelled,5.0,,796.86
10138,2022-05-07 00:43:14.161801,72.0,Electronics,West,3.0,9.6,,PayPal,completed,5.0,0.0,22.52
10139,2022-05-07 22:38:19.916597,,Electronics,,6.0,125.97,0.083,PayPal,Refunded,4.0,,693.09
10140,2022-05-08 20:33:25.671392,41.0,Sports,,2.0,34.54,0.218,crypto,PENDING,4.0,0.0,54.02
10141,2022-05-09 18:28:31.426188,54.0,Sports,Central,6.0,8.75,0.093,Debit Card,Refunded,,1.0,47.62
10142,2022-05-10 16:23:37.180984,,Food,Central,3.0,4.05,0.34,Cash,completed,2.0,,8.02
10143,2022-05-11 14:18:42.935779,61.0,Beauty,,16.0,5.3,0.159,,Cancelled,4.0,,71.32
10144,2022-05-12 12:13:48.690575,57.0,Electronics,Central,8.0,14.89,0.098,Cash,Completed,3.0,0.0,107.45
10145,2022-05-13 10:08:54.445371,39.0,Home,North,2.0,27.03,0.325,,Pending,3.0,0.0,36.49
10146,2022-05-14 08:04:00.200166,44.0,Books,North,17.0,166.55,0.137,,Completed,2.0,0.0,2443.46
10147,2022-05-15 05:59:05.954962,52.0,Home,West,9.0,86.39,0.045,crypto,Pending,1.0,0.0,742.52
10148,2022-05-16 03:54:11.709758,18.0,Clothing,West,12.0,12.1,0.228,PayPal,Pending,1.0,0.0,112.09
10149,2022-05-17 01:49:17.464553,,Clothing,West,3.0,54.08,0.233,PayPal,Cancelled,3.0,0.0,124.44
10150,2022-05-17 23:44:23.219349,54.0,Sports,East,11.0,240.29,0.286,Debit Card,completed,4.0,0.0,1887.24
10151,2022-05-18 21:39:28.974145,64.0,Food,Central,1.0,313.78,0.096,crypto,Completed,2.0,0.0,283.66
10152,2022-05-19 19:34:34.728940,31.0,Clothing,West,13.0,22.71,0.178,crypto,completed,1.0,0.0,242.68
10153,2022-05-20 17:29:40.483736,20.0,Electronics,South,15.0,104.58,0.113,Credit Card,Refunded,1.0,0.0,1391.44
10154,2022-05-21 15:24:46.238532,18.0,Home,South,5.0,175.55,0.032,PayPal,Cancelled,5.0,0.0,849.66
10155,2022-05-22 13:19:51.993327,22.0,Home,North,17.0,5.43,0.351,Debit Card,Cancelled,3.0,0.0,59.91
10156,2022-05-23 11:14:57.748123,43.0,Sports,Central,6.0,17.91,0.292,,Refunded,4.0,0.0,76.08
10157,2022-05-24 09:10:03.502919,72.0,Beauty,West,11.0,475.34,0.121,PayPal,Completed,2.0,0.0,4596.06
10158,2022-05-25 07:05:09.257714,31.0,Beauty,South,18.0,23.08,0.24,Credit Card,PENDING,1.0,,315.73
10159,2022-05-26 05:00:15.012510,56.0,Books,Central,4.0,0.99,0.081,crypto,Refunded,5.0,,3.64
10160,2022-05-27 02:55:20.767306,44.0,Sports,North,3.0,28.64,,Debit Card,Completed,3.0,,55.33
10161,2022-05-28 00:50:26.522101,26.0,Toys,East,13.0,127.68,0.046,PayPal,Pending,3.0,1.0,1583.49
10162,2022-05-28 22:45:32.276897,32.0,Books,Central,9.0,33.38,,,Cancelled,2.0,0.0,299.82
10163,2022-05-29 20:40:38.031693,32.0,Toys,Central,6.0,78.13,0.201,Credit Card,Completed,1.0,0.0,374.56
10164,2022-05-30 18:35:43.786488,43.0,Beauty,East,12.0,102.09,0.233,Credit Card,completed,2.0,0.0,939.64
10165,2022-05-31 16:30:49.541284,59.0,Sports,Central,2.0,21.63,0.232,PayPal,completed,2.0,0.0,33.22
10166,2022-06-01 14:25:55.296080,30.0,Toys,North,3.0,17.76,0.022,Cash,Cancelled,,0.0,52.11
10167,2022-06-02 12:21:01.050875,68.0,Sports,North,3.0,39.81,0.126,Credit Card,Refunded,5.0,0.0,104.38
10168,2022-06-03 10:16:06.805671,49.0,Sports,East,12.0,40.99,0.2,Debit Card,PENDING,3.0,0.0,393.5
10169,2022-06-04 08:11:12.560467,56.0,Beauty,West,15.0,35.34,0.087,Credit Card,Refunded,,0.0,483.98
10170,2022-06-05 06:06:18.315262,66.0,Books,South,9.0,37.12,,Cash,Completed,4.0,1.0,217.49
10171,2022-06-06 04:01:24.070058,69.0,Books,West,8.0,13.49,0.035,crypto,Refunded,3.0,0.0,104.14
10172,2022-06-07 01:56:29.824854,49.0,Sports,Central,11.0,81.48,0.195,crypto,Cancelled,3.0,0.0,721.51
10173,2022-06-07 23:51:35.579649,21.0,Clothing,South,16.0,67.97,0.277,PayPal,Completed,5.0,0.0,786.28
10174,2022-06-08 21:46:41.334445,47.0,Food,East,4.0,6.66,0.105,Cash,Pending,4.0,0.0,23.84
10175,2022-06-09 19:41:47.089241,,Beauty,East,1.0,20.76,0.25,Credit Card,Refunded,1.0,0.0,15.57
10176,2022-06-10 17:36:52.844036,40.0,Food,South,7.0,37.03,0.332,Credit Card,Refunded,4.0,,173.15
10177,2022-06-11 15:31:58.598832,,Food,North,2.0,17.44,0.076,crypto,PENDING,1.0,0.0,32.23
10178,2022-06-12 13:27:04.353628,62.0,Books,South,5.0,71.15,0.367,crypto,Completed,4.0,0.0,225.19
10179,2022-06-13 11:22:10.108423,32.0,Books,Central,7.0,30.56,0.221,Debit Card,completed,2.0,0.0,166.64
10180,2022-06-14 09:17:15.863219,60.0,Clothing,North,4.0,40.56,0.12,crypto,Refunded,4.0,0.0,142.77
10181,2022-06-15 07:12:21.618015,46.0,Food,East,5.0,20.47,0.172,Debit Card,Cancelled,,1.0,84.75
10182,2022-06-16 05:07:27.372810,53.0,Food,South,1.0,12568.65451839201,0.125,Credit Card,Refunded,,0.0,2.65
10183,2022-06-17 03:02:33.127606,30.0,Sports,West,1.0,2.83,0.29,Debit Card,PENDING,5.0,1.0,2.01
10184,2022-06-18 00:57:38.882402,49.0,Books,West,15.0,67.19,0.319,Debit Card,Pending,1.0,,686.35
10185,2022-06-18 22:52:44.637197,24.0,Food,Central,19.0,45.62,0.333,PayPal,PENDING,3.0,1.0,578.14
10186,2022-06-19 20:47:50.391993,68.0,Home,West,10.0,56.06,0.394,crypto,Refunded,5.0,0.0,339.72
10187,2022-06-20 18:42:56.146788,39.0,Clothing,,18.0,38.91,0.317,Debit Card,completed,,0.0,478.36
10188,2022-06-21 16:38:01.901584,45.0,Toys,South,3.0,42.84,0.241,Credit Card,Refunded,,0.0,97.55
10189,2022-06-22 14:33:07.656380,19.0,Home,West,11.0,105.94,0.136,Cash,Completed,1.0,0.0,1006.85
10190,2022-06-23 12:28:13.411175,59.0,Home,South,15.0,56.46,0.218,Debit Card,Refunded,,1.0,662.28
10191,2022-06-24 10:23:19.165971,62.0,Toys,Central,11.0,115.48,0.016,crypto,completed,,1.0,1249.96
10192,2022-06-25 08:18:24.920767,74.0,Beauty,,17.0,40.68,0.298,PayPal,Completed,1.0,1.0,485.48
10193,2022-06-26 06:13:30.675562,70.0,Beauty,Central,17.0,23.09,0.178,Credit Card,Cancelled,,1.0,322.66
10194,2022-06-27 04:08:36.430358,,Clothing,Central,6.0,41.81,0.008,PayPal,Completed,3.0,0.0,248.85
10195,2022-06-28 02:03:42.185154,45.0,Home,South,5.0,12.14,0.025,Cash,PENDING,2.0,0.0,59.18
10196,2022-06-28 23:58:47.939949,,Food,North,8.0,20.99,,Debit Card,Pending,5.0,0.0,141.89
10197,2022-06-29 21:53:53.694745,61.0,Books,,2.0,40.98,0.233,Debit Card,PENDING,3.0,,62.86
10198,2022-06-30 19:48:59.449541,61.0,Clothing,East,16.0,40.33,0.186,crypto,Completed,3.0,1.0,525.26
10199,2022-07-01 17:44:05.204336,37.0,Sports,South,12.0,29.15,0.248,Debit Card,Cancelled,2.0,0.0,263.05
10200,2022-07-02 15:39:10.959132,47.0,Toys,South,6.0,6.26,0.192,Credit Card,Refunded,5.0,1.0,30.35
10201,2022-07-03 13:34:16.713928,28.0,Home,South,1.0,71.07,0.265,Cash,Completed,3.0,1.0,52.24
10202,2022-07-04 11:29:22.468723,72.0,Clothing,,4.0,90.11,0.088,PayPal,PENDING,,,328.72
10203,2022-07-05 09:24:28.223519,,Electronics,South,17.0,238.04,0.045,Cash,Completed,2.0,1.0,3864.58
10204,2022-07-06 07:19:33.978315,42.0,Electronics,North,13.0,56.27,0.239,Debit Card,Completed,5.0,0.0,556.68
10205,2022-07-07 05:14:39.733110,56.0,Beauty,West,18.0,33.17,0.194,PayPal,Completed,4.0,0.0,481.23
10206,2022-07-08 03:09:45.487906,50.0,Toys,East,5.0,9.82,0.011,crypto,Cancelled,1.0,0.0,48.56
10207,2022-07-09 01:04:51.242702,18.0,Books,North,3.0,198.43,0.152,Cash,completed,,0.0,504.81
10208,2022-07-09 22:59:56.997497,,Food,West,11.0,44.59,0.042,PayPal,completed,2.0,0.0,469.89
10209,2022-07-10 20:55:02.752293,44.0,Books,North,13.0,41.76,0.213,PayPal,Completed,1.0,0.0,427.25
10210,2022-07-11 18:50:08.507089,74.0,Books,North,4.0,24.41,0.158,,Cancelled,4.0,1.0,82.21
10211,2022-07-12 16:45:14.261884,69.0,Books,East,14.0,22.61,0.245,Credit Card,Cancelled,3.0,0.0,238.99
10212,2022-07-13 14:40:20.016680,30.0,Toys,Central,11.0,75.64,0.322,Cash,Completed,3.0,,564.12
10213,2022-07-14 12:35:25.771476,58.0,Books,,10.0,9.72,0.12,PayPal,PENDING,5.0,0.0,85.54
10214,2022-07-15 10:30:31.526271,20.0,Sports,North,19.0,232.88,0.385,Cash,PENDING,2.0,0.0,2721.2
10215,2022-07-16 08:25:37.281067,56.0,Toys,South,18.0,179.29,0.214,PayPal,Pending,2.0,0.0,2536.59
10216,2022-07-17 06:20:43.035863,23.0,Sports,West,6.0,21.65,0.247,crypto,Completed,5.0,0.0,97.81
10217,2022-07-18 04:15:48.790658,25.0,Toys,,15.0,11.74,0.272,crypto,Pending,1.0,0.0,128.2
10218,2022-07-19 02:10:54.545454,44.0,Beauty,South,10.0,2.95,0.267,crypto,PENDING,3.0,0.0,21.62
10219,2022-07-20 00:06:00.300250,26.0,Clothing,North,5.0,7.38,0.204,Debit Card,PENDING,3.0,0.0,29.37
10220,2022-07-20 22:01:06.055045,54.0,Electronics,North,5.0,79.51,0.172,PayPal,Completed,2.0,0.0,329.17
10221,2022-07-21 19:56:11.809841,50.0,Books,North,10.0,48.35,0.022,Debit Card,Pending,2.0,0.0,472.86
10222,2022-07-22 17:51:17.564637,,Beauty,North,5.0,59.88,0.009,Cash,Pending,5.0,1.0,296.71
10223,2022-07-23 15:46:23.319432,59.0,Clothing,Central,3.0,3.62,0.143,,Completed,4.0,0.0,9.31
10224,2022-07-24 13:41:29.074228,61.0,Electronics,,6.0,20.59,,Cash,Pending,1.0,0.0,107.11
10225,2022-07-25 11:36:34.829024,41.0,Home,Central,4.0,170.84,0.155,Cash,Refunded,,1.0,577.44
10226,2022-07-26 09:31:40.583819,32.0,Food,Central,18.0,29.51,0.055,Cash,PENDING,4.0,0.0,501.97
10227,2022-07-27 07:26:46.338615,71.0,Sports,North,9.0,7.19,0.295,Debit Card,completed,4.0,,45.62
10228,2022-07-28 05:21:52.093411,49.0,Home,East,17.0,28.96,,PayPal,Cancelled,2.0,1.0,323.45
10229,2022-07-29 03:16:57.848206,49.0,Toys,West,13.0,13.13,0.375,Debit Card,Pending,2.0,1.0,106.68
10230,2022-07-30 01:12:03.603002,41.0,Electronics,South,15.0,49.42,0.197,PayPal,Pending,2.0,0.0,595.26
10231,2022-07-30 23:07:09.357798,58.0,Home,,17.0,33.94,0.28,PayPal,Cancelled,4.0,1.0,415.43
10232,2022-07-31 21:02:15.112593,69.0,Food,,13.0,63.56,0.342,Cash,Pending,1.0,1.0,543.69
10233,2022-08-01 18:57:20.867389,66.0,Beauty,East,16.0,7.68,0.167,Debit Card,Cancelled,2.0,0.0,102.36
10234,2022-08-02 16:52:26.622185,66.0,Electronics,South,4.0,19.33,0.124,PayPal,Completed,3.0,0.0,67.73
10235,2022-08-03 14:47:32.376980,69.0,Home,South,5.0,122.55,0.375,crypto,Refunded,1.0,0.0,382.97
10236,2022-08-04 12:42:38.131776,,Sports,Central,5.0,6.52,0.206,PayPal,Refunded,3.0,1.0,25.88
10237,2022-08-05 10:37:43.886572,56.0,Sports,North,9.0,9.94,0.199,crypto,PENDING,1.0,0.0,71.66
10238,2022-08-06 08:32:49.641367,19.0,Clothing,East,17.0,42.06,0.071,Debit Card,completed,2.0,1.0,664.25
10239,2022-08-07 06:27:55.396163,20.0,Home,Central,13.0,46.72,0.043,Debit Card,Pending,,0.0,581.24
10240,2022-08-08 04:23:01.150959,66.0,Books,East,2.0,18.42,0.337,,completed,5.0,1.0,24.42
10241,2022-08-09 02:18:06.905754,,Home,North,13.0,23.71,0.246,PayPal,Completed,2.0,0.0,232.41
10242,2022-08-10 00:13:12.660550,,Beauty,North,19.0,62.79,0.13,Credit Card,Refunded,4.0,0.0,1037.92
10243,2022-08-10 22:08:18.415346,73.0,Electronics,Central,3.0,5071.997372260561,0.077,PayPal,Completed,,0.0,254.19
10244,2022-08-11 20:03:24.170141,34.0,Electronics,North,10.0,9.18,0.222,PayPal,Completed,4.0,0.0,71.42
10245,2022-08-12 17:58:29.924937,66.0,Beauty,West,764.0,51.27,0.234,Cash,Pending,1.0,0.0,78.55
10246,2022-08-13 15:53:35.679733,19.0,Home,South,13.0,203.25,0.083,,Completed,4.0,0.0,2422.94
10247,2022-08-14 13:48:41.434528,19.0,Beauty,Central,19.0,28.82,0.341,PayPal,Refunded,,0.0,360.86
10248,2022-08-15 11:43:47.189324,45.0,Food,East,975.0,9.06,0.034,crypto,completed,,,148.78
10249,2022-08-16 09:38:52.944120,71.0,Toys,West,14.0,8.57,0.142,Cash,Refunded,2.0,1.0,102.94
10250,2022-08-17 07:33:58.698915,40.0,Beauty,Central,12.0,27.31,,,Pending,3.0,0.0,238.58
10251,2022-08-18 05:29:04.453711,,Sports,North,12.0,114.78,0.11,,Refunded,2.0,0.0,1225.85
10252,2022-08-19 03:24:10.208507,49.0,Beauty,North,11.0,31.53,0.331,crypto,Cancelled,1.0,0.0,232.03
10253,2022-08-20 01:19:15.963302,50.0,Electronics,North,7.0,41.56,0.296,Debit Card,completed,4.0,1.0,204.81
10254,2022-08-20 23:14:21.718098,18.0,Sports,North,4.0,10.02,0.316,PayPal,Cancelled,3.0,0.0,27.41
10255,2022-08-21 21:09:27.472894,36.0,Electronics,East,19.0,107.74,0.048,PayPal,Cancelled,5.0,0.0,1948.8
10256,2022-08-22 19:04:33.227689,19.0,Clothing,West,1.0,8.37,,crypto,PENDING,,0.0,7.9
10257,2022-08-23 16:59:38.982485,70.0,Books,South,3.0,18.08,0.115,Cash,Pending,3.0,1.0,48.0
10258,2022-08-24 14:54:44.737281,,Electronics,East,13.0,70.52,0.207,Cash,Completed,3.0,0.0,726.99
10259,2022-08-25 12:49:50.492076,43.0,Sports,East,15.0,2.87,0.299,Cash,Cancelled,2.0,1.0,30.18
10260,2022-08-26 10:44:56.246872,,Clothing,South,2.0,40.8,0.335,Debit Card,Refunded,5.0,0.0,54.26
10261,2022-08-27 08:40:02.001668,23.0,Electronics,South,11.0,9.52,0.282,crypto,Completed,,0.0,75.19
10262,2022-08-28 06:35:07.756463,49.0,Food,North,4.0,33.78,0.371,crypto,Refunded,1.0,0.0,84.99
10263,2022-08-29 04:30:13.511259,72.0,Beauty,East,19.0,21.7,0.295,Cash,Refunded,1.0,0.0,290.67
10264,2022-08-30 02:25:19.266055,21.0,Books,Central,17.0,414.47,0.123,Cash,Completed,3.0,0.0,6179.33
10265,2022-08-31 00:20:25.020850,72.0,Electronics,,3.0,20.66,0.106,Credit Card,Completed,3.0,0.0,55.41
10266,2022-08-31 22:15:30.775646,28.0,Clothing,South,18.0,302.23,0.278,Credit Card,Refunded,4.0,0.0,3927.78
10267,2022-09-01 20:10:36.530442,73.0,Food,West,8.0,66.98,0.077,PayPal,Pending,5.0,0.0,494.58
10268,2022-09-02 18:05:42.285237,34.0,Home,Central,19.0,12.66,0.037,PayPal,completed,,0.0,231.64
10269,2022-09-03 16:00:48.040033,55.0,Clothing,Central,5.0,49.25,0.213,crypto,PENDING,3.0,,193.8
10270,2022-09-04 13:55:53.794829,41.0,Beauty,South,7.0,22.98,0.329,crypto,completed,4.0,0.0,107.94
10271,2022-09-05 11:50:59.549624,22.0,Clothing,North,8.0,44.28,0.041,Debit Card,Pending,5.0,0.0,339.72
10272,2022-09-06 09:46:05.304420,69.0,Food,West,507.0,14.06,0.317,Debit Card,PENDING,,0.0,48.01
10273,2022-09-07 07:41:11.059216,51.0,Clothing,Central,17.0,251.69,0.325,Credit Card,Completed,1.0,0.0,2888.14
10274,2022-09-08 05:36:16.814011,23.0,Food,South,5.0,100.53,0.193,PayPal,PENDING,4.0,0.0,405.64
10275,2022-09-09 03:31:22.568807,39.0,Electronics,Central,4.0,34.4,0.023,Credit Card,Refunded,5.0,0.0,134.44
10276,2022-09-10 01:26:28.323603,28.0,Toys,West,19.0,263.73,0.07,Credit Card,completed,4.0,0.0,4660.11
10277,2022-09-10 23:21:34.078398,65.0,Food,West,2.0,36.2,0.283,PayPal,PENDING,3.0,0.0,51.91
10278,2022-09-11 21:16:39.833194,33.0,Food,East,11.0,123.61,0.285,Debit Card,Refunded,2.0,1.0,972.19
10279,2022-09-12 19:11:45.587989,50.0,Books,South,13.0,34.67,0.359,PayPal,Pending,1.0,0.0,288.91
10280,2022-09-13 17:06:51.342785,26.0,Food,West,15.0,53.13,0.233,Cash,PENDING,3.0,0.0,611.26
10281,2022-09-14 15:01:57.097581,23.0,Food,East,12.0,30.03,,Cash,Refunded,3.0,0.0,342.34
10282,2022-09-15 12:57:02.852376,33.0,Home,East,11.0,37.13,,Cash,Pending,5.0,0.0,388.42
10283,2022-09-16 10:52:08.607172,46.0,Toys,,7.0,40.64,0.288,crypto,Completed,4.0,1.0,202.55
10284,2022-09-17 08:47:14.361968,,Electronics,Central,5.0,14.83,0.074,Debit Card,Pending,1.0,0.0,68.66
10285,2022-09-18 06:42:20.116763,37.0,Beauty,East,17.0,20.47,0.131,Debit Card,Pending,3.0,0.0,302.4
10286,2022-09-19 04:37:25.871559,53.0,Books,Central,9.0,25.53,0.195,crypto,completed,5.0,0.0,184.96
10287,2022-09-20 02:32:31.626355,36.0,Home,West,948.0,43.63,0.01,Credit Card,Refunded,1.0,0.0,604.71
10288,2022-09-21 00:27:37.381150,43.0,Sports,North,12.0,31.92,0.1,Cash,PENDING,4.0,0.0,344.74
10289,2022-09-21 22:22:43.135946,20.0,Toys,West,6.0,135.32,0.163,Cash,completed,3.0,0.0,679.58
10290,2022-09-22 20:17:48.890742,36.0,Electronics,East,17.0,91.52,0.112,Credit Card,Cancelled,,0.0,1381.59
10291,2022-09-23 18:12:54.645537,,Electronics,East,19.0,26.16,0.055,PayPal,Pending,3.0,0.0,469.7
10292,2022-09-24 16:08:00.400333,49.0,Sports,West,19.0,173.84,0.291,,Cancelled,3.0,0.0,2341.8
10293,2022-09-25 14:03:06.155129,24.0,Beauty,Central,16.0,313.45,0.325,Debit Card,completed,1.0,0.0,3385.26
10294,2022-09-26 11:58:11.909924,69.0,Food,Central,12.0,2.85,0.103,crypto,Refunded,1.0,0.0,30.68
10295,2022-09-27 09:53:17.664720,58.0,Home,,12.0,101.37,0.31,Debit Card,completed,1.0,1.0,839.34
10296,2022-09-28 07:48:23.419516,50.0,Clothing,South,6.0,14.42,0.154,PayPal,Refunded,1.0,0.0,73.2
10297,2022-09-29 05:43:29.174311,57.0,Books,Central,4.0,86.57,0.203,Credit Card,Refunded,5.0,0.0,275.99
10298,2022-09-30 03:38:34.929107,56.0,Clothing,West,6.0,146.33,0.342,Debit Card,Completed,2.0,0.0,577.71
10299,2022-10-01 01:33:40.683903,35.0,Sports,Central,11.0,11.56,0.3,Cash,Pending,5.0,0.0,89.01
10300,2022-10-01 23:28:46.438698,57.0,Electronics,West,1.0,3.59,0.322,Cash,completed,3.0,0.0,2.43
10301,2022-10-02 21:23:52.193494,18.0,Beauty,East,15.0,90.24,0.055,Credit Card,Refunded,5.0,,1279.15
10302,2022-10-03 19:18:57.948290,28.0,Electronics,Central,11.0,38.96,0.028,PayPal,completed,4.0,1.0,416.56
10303,2022-10-04 17:14:03.703085,45.0,Books,West,19.0,4.47,0.357,Cash,completed,,0.0,54.61
10304,2022-10-05 15:09:09.457881,74.0,Electronics,East,18.0,689.16,0.155,Cash,Refunded,1.0,0.0,10482.12
10305,2022-10-06 13:04:15.212677,42.0,Electronics,South,17.0,70.06,0.115,crypto,PENDING,4.0,0.0,1054.05
10306,2022-10-07 10:59:20.967472,67.0,Books,West,19.0,74.0,0.29,Debit Card,Cancelled,,0.0,998.26
10307,2022-10-08 08:54:26.722268,40.0,Home,South,14.0,170.54,0.335,PayPal,Pending,4.0,1.0,1587.73
10308,2022-10-09 06:49:32.477064,48.0,Home,South,18.0,16.49,0.345,Debit Card,Pending,3.0,0.0,194.42
10309,2022-10-10 04:44:38.231859,47.0,Books,North,19.0,38.73,0.126,PayPal,PENDING,1.0,0.0,643.15
10310,2022-10-11 02:39:43.986655,59.0,Beauty,Central,15.0,6.8,,Cash,Completed,4.0,0.0,67.22
10311,2022-10-12 00:34:49.741451,52.0,Sports,West,15.0,15.97,0.016,crypto,PENDING,3.0,0.0,235.72
10312,2022-10-12 22:29:55.496246,24.0,Toys,South,4.0,52.6,0.02,Debit Card,Completed,1.0,1.0,206.19
10313,2022-10-13 20:25:01.251042,33.0,Electronics,North,7.0,4.49,,Cash,Completed,2.0,0.0,23.6
10314,2022-10-14 18:20:07.005838,,Beauty,East,13.0,15.43,0.025,PayPal,PENDING,3.0,0.0,195.58
10315,2022-10-15 16:15:12.760633,65.0,Electronics,West,3.0,10.88,0.13,Debit Card,Pending,5.0,0.0,28.4
10316,2022-10-16 14:10:18.515429,74.0,Toys,South,16.0,39.27,,Debit Card,Cancelled,1.0,1.0,459.3
10317,2022-10-17 12:05:24.270225,69.0,Sports,Central,9.0,66.0,0.135,Cash,Pending,4.0,1.0,513.81
10318,2022-10-18 10:00:30.025020,66.0,Home,North,8.0,80.69,,Debit Card,Pending,,0.0,599.04
10319,2022-10-19 07:55:35.779816,19.0,Beauty,South,13.0,109.79,0.113,crypto,Pending,4.0,0.0,1265.99
10320,2022-10-20 05:50:41.534612,18.0,Food,Central,17.0,171.84,0.183,crypto,PENDING,5.0,0.0,2386.69
10321,2022-10-21 03:45:47.289407,65.0,Food,South,17.0,68.63,0.19,Cash,PENDING,5.0,0.0,945.04
10322,2022-10-22 01:40:53.044203,29.0,Toys,,17.0,318.88,,PayPal,PENDING,4.0,0.0,3724.2
10323,2022-10-22 23:35:58.798999,22.0,Food,,1.0,38.22,,,Pending,,0.0,26.75
10324,2022-10-23 21:31:04.553794,54.0,Home,West,8.0,26.9,0.183,crypto,Cancelled,1.0,0.0,175.82
10325,2022-10-24 19:26:10.308590,49.0,Toys,North,19.0,68.63,0.338,Credit Card,Completed,3.0,0.0,863.23
10326,2022-10-25 17:21:16.063386,72.0,Home,West,6.0,25.54,0.046,Credit Card,completed,5.0,,146.19
10327,2022-10-26 15:16:21.818181,26.0,Sports,Central,3.0,305.84,,Debit Card,Completed,5.0,0.0,823.93
10328,2022-10-27 13:11:27.572977,58.0,Electronics,South,5.0,128.66,0.331,Debit Card,Completed,5.0,0.0,430.37
10329,2022-10-28 11:06:33.327773,52.0,Sports,East,13.0,81.48,0.151,Credit Card,completed,,0.0,899.29
10330,2022-10-29 09:01:39.082568,36.0,Sports,Central,15.0,38.77,0.392,crypto,Pending,2.0,0.0,353.58
10331,2022-10-30 06:56:44.837364,65.0,Home,Central,14.0,20.31,0.187,Debit Card,Cancelled,,0.0,231.17
10332,2022-10-31 04:51:50.592160,33.0,Toys,West,16.0,76.83,0.317,Cash,Cancelled,1.0,,839.6
10333,2022-11-01 02:46:56.346955,20.0,Toys,North,18.0,8.56,0.161,Cash,Completed,1.0,0.0,129.27
10334,2022-11-02 00:42:02.101751,37.0,Food,South,11.0,208.77,0.17,crypto,completed,1.0,,1906.07
10335,2022-11-02 22:37:07.856547,41.0,Clothing,North,3.0,26.76,0.153,Debit Card,Refunded,1.0,0.0,68.0
10336,2022-11-03 20:32:13.611342,71.0,Electronics,South,10.0,47.76,0.288,Cash,Pending,1.0,0.0,340.05
10337,2022-11-04 18:27:19.366138,73.0,Home,,10.0,11.12,0.219,Debit Card,Completed,4.0,0.0,86.85
10338,2022-11-05 16:22:25.120934,50.0,Food,,16.0,78.85,0.378,Debit Card,Cancelled,5.0,0.0,784.72
10339,2022-11-06 14:17:30.875729,41.0,Beauty,Central,12.0,19.21,0.1,Cash,PENDING,,0.0,207.47
10340,2022-11-07 12:12:36.630525,69.0,Clothing,South,2.0,72.17,0.04,Credit Card,PENDING,4.0,1.0,138.57
10341,2022-11-08 10:07:42.385321,28.0,Clothing,North,9.0,82.18,0.157,Cash,completed,,1.0,623.5
10342,2022-11-09 08:02:48.140116,66.0,Home,South,3.0,15.22,0.247,crypto,completed,2.0,1.0,34.38
10343,2022-11-10 05:57:53.894912,25.0,Books,East,15.0,8.6,0.344,PayPal,Completed,3.0,1.0,84.62
10344,2022-11-11 03:52:59.649708,53.0,Electronics,Central,3.0,208.15,0.138,Cash,Refunded,5.0,1.0,538.28
10345,2022-11-12 01:48:05.404503,55.0,Clothing,West,19.0,26.29,0.262,Debit Card,Cancelled,2.0,0.0,368.64
10346,2022-11-12 23:43:11.159299,,Home,South,18.0,43.37,0.14,Debit Card,Completed,4.0,0.0,671.37
10347,2022-11-13 21:38:16.914095,37.0,Home,East,8.0,59.3,0.247,,Refunded,3.0,0.0,357.22
10348,2022-11-14 19:33:22.668890,52.0,Food,West,17.0,7.36,0.354,PayPal,completed,2.0,0.0,80.83
10349,2022-11-15 17:28:28.423686,65.0,Beauty,West,8.0,57.7,0.093,Cash,PENDING,,1.0,418.67
10350,2022-11-16 15:23:34.178482,42.0,Books,South,7.0,37.3,0.162,PayPal,Pending,3.0,0.0,218.8
10351,2022-11-17 13:18:39.933277,52.0,Electronics,North,7.0,15.3,0.397,PayPal,PENDING,,0.0,64.58
10352,2022-11-18 11:13:45.688073,42.0,Toys,South,3.0,8.27,0.347,crypto,Cancelled,2.0,,16.2
10353,2022-11-19 09:08:51.442869,46.0,Sports,,1.0,68.52,0.226,Debit Card,Cancelled,4.0,0.0,53.03
10354,2022-11-20 07:03:57.197664,35.0,Beauty,West,4.0,128.16,0.207,Debit Card,PENDING,,0.0,406.52
10355,2022-11-21 04:59:02.952460,63.0,Beauty,South,5.0,41.03,0.114,PayPal,PENDING,3.0,1.0,181.76
10356,2022-11-22 02:54:08.707256,35.0,Food,North,1.0,5.92,0.207,Debit Card,Refunded,2.0,,4.69
10357,2022-11-23 00:49:14.462051,19.0,Toys,South,15.0,9.31,0.339,Credit Card,Completed,,0.0,92.31
10358,2022-11-23 22:44:20.216847,71.0,Clothing,Central,5.0,19.72,0.274,PayPal,completed,4.0,1.0,71.58
10359,2022-11-24 20:39:25.971643,,Clothing,North,13.0,216.49,0.116,Debit Card,Refunded,5.0,,2487.9
10360,2022-11-25 18:34:31.726438,33.0,Food,East,8.0,24.63,0.081,Credit Card,Pending,4.0,,181.08
10361,2022-11-26 16:29:37.481234,58.0,Home,West,8.0,18.87,0.106,crypto,PENDING,4.0,,134.96
10362,2022-11-27 14:24:43.236030,53.0,Clothing,South,5.0,4.45,0.068,Debit Card,Pending,5.0,0.0,20.74
10363,2022-11-28 12:19:48.990825,50.0,Books,North,9.0,15.06,0.038,Credit Card,Pending,4.0,0.0,130.39
10364,2022-11-29 10:14:54.745621,21.0,Electronics,Central,1.0,7.54,0.168,Cash,Refunded,5.0,0.0,6.27
10365,2022-11-30 08:10:00.500417,,Beauty,North,4.0,9.94,0.045,Cash,completed,5.0,0.0,37.97
10366,2022-12-01 06:05:06.255212,31.0,Beauty,Central,3.0,38.24,0.069,Credit Card,Cancelled,,0.0,106.8
10367,2022-12-02 04:00:12.010008,38.0,Books,East,2.0,20.46,0.219,PayPal,Completed,,0.0,31.96
10368,2022-12-03 01:55:17.764804,65.0,Toys,West,8.0,254.52,0.066,PayPal,Cancelled,5.0,0.0,1901.77
10369,2022-12-03 23:50:23.519599,37.0,Clothing,East,9.0,120.74,0.026,Debit Card,completed,2.0,0.0,1058.41
10370,2022-12-04 21:45:29.274395,73.0,Beauty,South,2.0,15.95,0.127,Cash,Cancelled,3.0,0.0,27.85
10371,2022-12-05 19:40:35.029190,25.0,Sports,North,14.0,11.02,0.088,PayPal,PENDING,2.0,1.0,140.7
10372,2022-12-06 17:35:40.783986,24.0,Toys,Central,14.0,174.02,0.206,PayPal,PENDING,5.0,0.0,1934.41
10373,2022-12-07 15:30:46.538782,20.0,Electronics,Central,4.0,242.75,0.041,Cash,Refunded,3.0,0.0,931.19
10374,2022-12-08 13:25:52.293577,34.0,Electronics,North,6.0,2.38,0.301,crypto,Pending,,0.0,9.98
10375,2022-12-09 11:20:58.048373,50.0,Beauty,North,11.0,37.02,0.362,PayPal,completed,3.0,0.0,259.81
10376,2022-12-10 09:16:03.803169,65.0,Food,,3.0,24.48,0.297,Credit Card,completed,5.0,,51.63
10377,2022-12-11 07:11:09.557964,29.0,Toys,East,8.0,72.16,0.213,Debit Card,Cancelled,,0.0,454.32
10378,2022-12-12 05:06:15.312760,68.0,Beauty,Central,3.0,340.77,0.344,PayPal,Refunded,3.0,0.0,670.64
10379,2022-12-13 03:01:21.067556,39.0,Food,South,14.0,18.53,,PayPal,Cancelled,3.0,0.0,187.3
10380,2022-12-14 00:56:26.822351,72.0,Beauty,East,13.0,2.79,0.004,crypto,Cancelled,2.0,0.0,36.12
10381,2022-12-14 22:51:32.577147,39.0,Sports,South,13.0,66.34,0.158,Credit Card,completed,3.0,0.0,726.16
10382,2022-12-15 20:46:38.331943,63.0,Toys,Central,2.0,175.56,0.34,Debit Card,Cancelled,5.0,0.0,231.74
10383,2022-12-16 18:41:44.086738,47.0,Home,North,13.0,23.0,,PayPal,Pending,1.0,0.0,257.74
10384,2022-12-17 16:36:49.841534,55.0,Electronics,North,19.0,14.21,0.014,Debit Card,Cancelled,1.0,1.0,266.21
10385,2022-12-18 14:31:55.596330,55.0,Beauty,East,6.0,19.6,0.298,Cash,Pending,1.0,0.0,82.56
10386,2022-12-19 12:27:01.351125,62.0,Sports,West,16.0,91.86,0.321,PayPal,completed,5.0,0.0,997.97
10387,2022-12-20 10:22:07.105921,68.0,Food,East,2.0,19.19,0.064,PayPal,Refunded,1.0,0.0,35.92
10388,2022-12-21 08:17:12.860717,71.0,Food,West,8.0,49.13,0.215,Cash,PENDING,2.0,0.0,308.54
10389,2022-12-22 06:12:18.615512,25.0,Electronics,South,17.0,34.24,0.077,crypto,Pending,5.0,0.0,537.26
10390,2022-12-23 04:07:24.370308,44.0,Books,,2.0,30.25,0.288,PayPal,Refunded,,0.0,43.08
10391,2022-12-24 02:02:30.125104,44.0,Beauty,Central,10.0,76.83,0.109,Debit Card,Refunded,5.0,1.0,684.56
10392,2022-12-24 23:57:35.879899,51.0,Toys,West,16.0,18.65,,Credit Card,Pending,5.0,0.0,260.8
10393,2022-12-25 21:52:41.634695,38.0,Clothing,Central,6.0,19.75,0.338,Debit Card,completed,3.0,1.0,78.45
10394,2022-12-26 19:47:47.389491,47.0,Food,North,2.0,86.24,0.191,crypto,Completed,3.0,0.0,139.54
10395,2022-12-27 17:42:53.144286,50.0,Toys,West,2.0,10.13,0.268,Credit Card,Refunded,3.0,,14.83
10396,2022-12-28 15:37:58.899082,45.0,Toys,East,13.0,11.52,0.161,Debit Card,Refunded,4.0,0.0,125.65
10397,2022-12-29 13:33:04.653878,64.0,Home,North,15.0,7.3,0.119,Debit Card,completed,2.0,1.0,96.47
10398,2022-12-30 11:28:10.408673,50.0,Toys,North,2.0,91.73,0.25,Cash,completed,5.0,0.0,137.6
10399,2022-12-31 09:23:16.163469,22.0,Toys,East,7.0,29.19,0.062,crypto,Cancelled,5.0,1.0,191.66
10400,2023-01-01 07:18:21.918265,65.0,Home,North,3.0,6.85,0.149,,completed,3.0,1.0,17.49
10401,2023-01-02 05:13:27.673060,36.0,Food,West,8.0,92.26,0.084,Credit Card,Refunded,5.0,0.0,676.08
10402,2023-01-03 03:08:33.427856,21.0,Toys,Central,14.0,17.0,0.278,Cash,Pending,,0.0,171.84
10403,2023-01-04 01:03:39.182652,52.0,Books,North,7.0,11.63,0.378,,Completed,5.0,1.0,50.64
10404,2023-01-04 22:58:44.937447,66.0,Books,West,7.0,26.18,0.398,PayPal,Cancelled,1.0,0.0,110.32
10405,2023-01-05 20:53:50.692243,34.0,Sports,South,1.0,195.29,0.18,PayPal,Pending,,0.0,160.14
10406,2023-01-06 18:48:56.447039,61.0,Home,,17.0,20.62,0.101,Credit Card,Completed,,1.0,315.14
10407,2023-01-07 16:44:02.201834,45.0,Sports,Central,9.0,66.05,0.177,PayPal,Completed,5.0,0.0,489.23
10408,2023-01-08 14:39:07.956630,47.0,Home,West,13.0,79.24,0.339,Cash,Completed,4.0,0.0,680.91
10409,2023-01-09 12:34:13.711426,46.0,Beauty,,19.0,56.37,0.082,Credit Card,PENDING,3.0,0.0,983.21
10410,2023-01-10 10:29:19.466221,63.0,Beauty,Central,19.0,152.21,,crypto,Pending,2.0,1.0,1790.14
10411,2023-01-11 08:24:25.221017,70.0,Toys,South,17.0,14.17,0.137,Credit Card,Cancelled,2.0,0.0,207.89
10412,2023-01-12 06:19:30.975813,23.0,Clothing,East,10.0,9.47,0.394,Credit Card,Cancelled,1.0,0.0,57.39
10413,2023-01-13 04:14:36.730608,52.0,Beauty,West,10.0,9.25,0.335,Debit Card,Completed,2.0,0.0,61.51
10414,2023-01-14 02:09:42.485404,58.0,Clothing,Central,4.0,27.84,0.323,Debit Card,Pending,2.0,1.0,75.39
10415,2023-01-15 00:04:48.240200,54.0,Beauty,South,8.0,12636.705387333188,0.127,Credit Card,PENDING,3.0,0.0,74.24
10416,2023-01-15 21:59:53.994995,41.0,Electronics,East,18.0,39.53,0.004,,Completed,3.0,0.0,708.69
10417,2023-01-16 19:54:59.749791,46.0,Beauty,South,14.0,36.32,0.153,Debit Card,completed,4.0,0.0,430.68
10418,2023-01-17 17:50:05.504587,66.0,Sports,West,18.0,112.43,0.121,crypto,Cancelled,1.0,1.0,1778.87
10419,2023-01-18 15:45:11.259382,63.0,Food,South,14.0,46.96,0.015,Cash,Refunded,2.0,,647.58
10420,2023-01-19 13:40:17.014178,70.0,Toys,North,15.0,20.1,0.202,Debit Card,Completed,4.0,0.0,240.6
10421,2023-01-20 11:35:22.768974,48.0,Sports,East,4.0,54.22,0.161,,completed,1.0,0.0,181.96
10422,2023-01-21 09:30:28.523769,52.0,Food,South,13.0,9.62,,PayPal,Cancelled,,1.0,93.29
10423,2023-01-22 07:25:34.278565,50.0,Books,,8.0,31.63,0.248,Cash,PENDING,2.0,0.0,190.29
10424,2023-01-23 05:20:40.033361,69.0,Sports,West,18.0,48.58,0.048,Debit Card,Pending,2.0,0.0,832.47
10425,2023-01-24 03:15:45.788156,38.0,Books,South,12.0,38.67,0.391,PayPal,Cancelled,3.0,1.0,282.6
10426,2023-01-25 01:10:51.542952,49.0,Clothing,West,14.0,54.49,0.075,PayPal,Pending,5.0,,705.65
10427,2023-01-25 23:05:57.297748,40.0,Clothing,Central,2.0,15.29,0.178,PayPal,Pending,1.0,0.0,25.14
10428,2023-01-26 21:01:03.052543,50.0,Electronics,Central,18.0,131.95,0.195,,PENDING,2.0,0.0,1911.96
10429,2023-01-27 18:56:08.807339,20.0,Beauty,Central,2.0,294.89,0.325,crypto,PENDING,1.0,0.0,398.1
10430,2023-01-28 16:51:14.562135,35.0,Sports,North,11.0,4.84,0.04,PayPal,Completed,4.0,0.0,51.11
10431,2023-01-29 14:46:20.316930,42.0,Books,South,9.0,7.7,,Cash,Completed,4.0,1.0,57.45
10432,2023-01-30 12:41:26.071726,59.0,Food,North,12.0,34.87,0.251,Debit Card,Cancelled,5.0,1.0,313.41
10433,2023-01-31 10:36:31.826522,48.0,Clothing,West,17.0,24.34,,Cash,PENDING,2.0,1.0,378.19
10434,2023-02-01 08:31:37.581317,71.0,Beauty,North,15.0,322.37,0.251,Credit Card,completed,3.0,0.0,3621.83
10435,2023-02-02 06:26:43.336113,20.0,Clothing,West,17.0,43.11,0.369,Credit Card,Cancelled,2.0,0.0,462.44
10436,2023-02-03 04:21:49.090909,57.0,Food,West,18.0,176.1,0.399,,Refunded,1.0,0.0,1905.05
10437,2023-02-04 02:16:54.845704,63.0,Beauty,East,6.0,2.83,,crypto,Pending,,0.0,16.76
10438,2023-02-05 00:12:00.600500,41.0,Beauty,Central,17.0,87.97,0.094,Credit Card,Pending,4.0,1.0,1354.91
10439,2023-02-05 22:07:06.355296,67.0,Books,West,18.0,14.03,0.124,Credit Card,Completed,1.0,0.0,221.23
10440,2023-02-06 20:02:12.110091,49.0,Books,East,8.0,13.77,0.16,Cash,completed,5.0,0.0,92.53
10441,2023-02-07 17:57:17.864887,64.0,Sports,Central,9.0,24.58,0.097,Credit Card,PENDING,4.0,0.0,199.76
10442,2023-02-08 15:52:23.619683,39.0,Sports,West,6.0,5.99,0.081,crypto,PENDING,3.0,,33.03
10443,2023-02-09 13:47:29.374478,40.0,Home,West,5.0,56.34,0.382,,Completed,4.0,1.0,174.09
10444,2023-02-10 11:42:35.129274,19.0,Toys,North,12.0,41.63,0.367,crypto,Refunded,,1.0,316.22
10445,2023-02-11 09:37:40.884070,44.0,Home,North,11.0,45.58,0.019,Debit Card,Cancelled,2.0,0.0,491.85
10446,2023-02-12 07:32:46.638865,59.0,Electronics,Central,1.0,96.01,0.136,crypto,Cancelled,,0.0,82.95
10447,2023-02-13 05:27:52.393661,19.0,Clothing,West,11.0,203.92,0.162,crypto,completed,,0.0,1879.73
10448,2023-02-14 03:22:58.148457,43.0,Sports,South,19.0,21.4,0.096,Debit Card,Completed,2.0,0.0,367.57
10449,2023-02-15 01:18:03.903252,34.0,Books,North,9.0,58.72,0.252,PayPal,Completed,4.0,0.0,395.3
10450,2023-02-15 23:13:09.658048,57.0,Food,Central,2.0,47.07,0.256,Credit Card,Refunded,5.0,0.0,70.04
10451,2023-02-16 21:08:15.412844,50.0,Books,West,12.0,52.1,0.34,crypto,Cancelled,2.0,0.0,412.63
10452,2023-02-17 19:03:21.167639,26.0,Clothing,West,4.0,53.04,0.296,Credit Card,Completed,2.0,0.0,149.36
10453,2023-02-18 16:58:26.922435,60.0,Home,South,4.0,223.32,0.217,Cash,PENDING,3.0,0.0,699.44
10454,2023-02-19 14:53:32.677231,71.0,Books,Central,18.0,19.08,0.261,Credit Card,completed,4.0,0.0,253.8
10455,2023-02-20 12:48:38.432026,65.0,Toys,West,15.0,5.31,0.11,,Cancelled,2.0,0.0,70.89
10456,2023-02-21 10:43:44.186822,56.0,Electronics,North,19.0,14.33,0.237,Credit Card,Refunded,5.0,0.0,207.74
10457,2023-02-22 08:38:49.941618,46.0,Clothing,South,13.0,82.16,0.196,Credit Card,completed,1.0,0.0,858.74
10458,2023-02-23 06:33:55.696413,59.0,Home,,19.0,34.06,0.053,Credit Card,Pending,4.0,0.0,612.84
10459,2023-02-24 04:29:01.451209,,Toys,South,17.0,18.89,0.097,PayPal,PENDING,3.0,1.0,289.98
10460,2023-02-25 02:24:07.206005,43.0,Food,North,6.0,9.1,0.117,,Refunded,,1.0,48.21
10461,2023-02-26 00:19:12.960800,52.0,Home,Central,16.0,43.19,0.37,Cash,completed,2.0,0.0,435.36
10462,2023-02-26 22:14:18.715596,67.0,Beauty,South,12.0,71.77,0.092,Debit Card,Completed,5.0,0.0,782.01
10463,2023-02-27 20:09:24.470391,42.0,Toys,East,19.0,47.8,0.116,Credit Card,Pending,4.0,0.0,802.85
10464,2023-02-28 18:04:30.225187,41.0,Toys,North,5.0,24.43,0.148,Credit Card,Refunded,5.0,1.0,104.07
10465,2023-03-01 15:59:35.979983,30.0,Electronics,North,17.0,39.49,0.265,Credit Card,Completed,5.0,1.0,493.43
10466,2023-03-02 13:54:41.734778,,Clothing,North,1.0,39.21,0.047,Credit Card,PENDING,,0.0,37.37
10467,2023-03-03 11:49:47.489574,74.0,Food,East,10.0,41.58,0.382,PayPal,Pending,3.0,0.0,256.96
10468,2023-03-04 09:44:53.244370,53.0,Electronics,East,15.0,8.0,0.346,Cash,Cancelled,4.0,0.0,78.48
10469,2023-03-05 07:39:58.999165,62.0,Home,West,11.0,41.96,0.231,crypto,Completed,2.0,0.0,354.94
10470,2023-03-06 05:35:04.753961,37.0,Electronics,South,13.0,19.52,0.27,Debit Card,completed,3.0,0.0,185.24
10471,2023-03-07 03:30:10.508757,18.0,Toys,West,5.0,115.44,0.007,Credit Card,Refunded,2.0,0.0,573.16
10472,2023-03-08 01:25:16.263552,25.0,Clothing,South,1.0,38.84,0.136,Cash,Pending,1.0,0.0,33.56
10473,2023-03-08 23:20:22.018348,63.0,Sports,,12.0,90.25,0.318,crypto,Completed,5.0,0.0,738.61
10474,2023-03-09 21:15:27.773144,33.0,Electronics,East,11.0,23.05,0.031,Cash,Cancelled,1.0,,245.69
10475,2023-03-10 19:10:33.527939,31.0,Beauty,West,17.0,24.07,0.113,PayPal,Refunded,5.0,1.0,362.95
10476,2023-03-11 17:05:39.282735,29.0,Electronics,Central,4.0,198.96,0.234,crypto,Refunded,,0.0,609.61
10477,2023-03-12 15:00:45.037531,68.0,Home,West,15.0,55.9,0.103,Cash,Completed,3.0,0.0,752.13
10478,2023-03-13 12:55:50.792326,40.0,Home,South,9.0,14.05,0.374,PayPal,Cancelled,2.0,0.0,79.16
10479,2023-03-14 10:50:56.547122,32.0,Food,West,19.0,97.16,0.052,Cash,PENDING,,0.0,1750.05
10480,2023-03-15 08:46:02.301918,45.0,Home,North,19.0,17.46,0.319,Cash,PENDING,2.0,0.0,225.91
10481,2023-03-16 06:41:08.056713,51.0,Books,South,12.0,43.42,0.203,crypto,Pending,3.0,0.0,415.27
10482,2023-03-17 04:36:13.811509,19.0,Clothing,South,5.0,300.07,0.3,PayPal,Completed,4.0,1.0,1050.24
10483,2023-03-18 02:31:19.566305,49.0,Clothing,Central,10.0,5.94,0.124,Credit Card,Pending,1.0,0.0,52.03
10484,2023-03-19 00:26:25.321100,40.0,Sports,,17.0,26.82,0.206,Debit Card,PENDING,1.0,0.0,362.02
10485,2023-03-19 22:21:31.075896,,Sports,South,5.0,54.05,0.343,crypto,Refunded,2.0,0.0,177.55
10486,2023-03-20 20:16:36.830692,68.0,Clothing,East,16.0,82.9,0.187,PayPal,Pending,2.0,0.0,1078.36
10487,2023-03-21 18:11:42.585487,42.0,Beauty,,7.0,7.47,0.144,Cash,Cancelled,2.0,0.0,44.76
10488,2023-03-22 16:06:48.340283,39.0,Sports,North,9.0,5.24,0.214,,completed,3.0,1.0,37.07
10489,2023-03-23 14:01:54.095079,,Food,Central,3.0,122.6,0.287,,PENDING,4.0,,262.24
10490,2023-03-24 11:56:59.849874,66.0,Home,East,15.0,13.95,,Debit Card,PENDING,1.0,0.0,172.21
10491,2023-03-25 09:52:05.604670,69.0,Clothing,South,16.0,13.27,0.376,Credit Card,Cancelled,,0.0,132.49
10492,2023-03-26 07:47:11.359466,59.0,Toys,East,18.0,212.79,0.118,Credit Card,Pending,5.0,,3378.25
10493,2023-03-27 05:42:17.114261,23.0,Sports,South,14.0,36.0,0.19,Debit Card,Completed,3.0,0.0,408.24
10494,2023-03-28 03:37:22.869057,32.0,Clothing,East,3.0,36.29,0.303,crypto,Refunded,1.0,1.0,75.88
10495,2023-03-29 01:32:28.623853,71.0,Books,South,12.0,26.69,0.276,crypto,completed,4.0,0.0,231.88
10496,2023-03-29 23:27:34.378648,60.0,Electronics,West,9.0,7.62,,Cash,Completed,3.0,0.0,44.92
10497,2023-03-30 21:22:40.133444,54.0,Home,South,7.0,74.5,0.399,Credit Card,Completed,,0.0,313.42
10498,2023-03-31 19:17:45.888240,50.0,Clothing,,9.0,54.13,0.171,Cash,Cancelled,1.0,0.0,403.86
10499,2023-04-01 17:12:51.643035,25.0,Electronics,North,13.0,40.55,0.044,Credit Card,Pending,3.0,1.0,503.96
10500,2023-04-02 15:07:57.397831,70.0,Sports,South,18.0,28.8,0.012,Debit Card,PENDING,1.0,0.0,512.18
10501,2023-04-03 13:03:03.152627,61.0,Electronics,,5.0,23.32,0.291,crypto,PENDING,1.0,0.0,82.67
10502,2023-04-04 10:58:08.907422,61.0,Home,Central,13.0,98.99,0.35,crypto,Cancelled,4.0,0.0,836.47
10503,2023-04-05 08:53:14.662218,22.0,Clothing,North,4.0,27.95,0.088,Debit Card,Pending,5.0,1.0,101.96
10504,2023-04-06 06:48:20.417014,56.0,Books,West,2.0,30.67,0.063,Cash,Cancelled,4.0,0.0,57.48
10505,2023-04-07 04:43:26.171809,,Beauty,North,16.0,62.54,0.025,Cash,PENDING,1.0,1.0,975.62
10506,2023-04-08 02:38:31.926605,23.0,Sports,Central,9.0,42.5,0.329,PayPal,Completed,3.0,0.0,256.66
10507,2023-04-09 00:33:37.681401,62.0,Clothing,West,9.0,237.63,0.125,Credit Card,Refunded,,0.0,1871.34
10508,2023-04-09 22:28:43.436196,49.0,Home,East,6.0,4.0,0.161,Cash,Pending,4.0,0.0,20.14
10509,2023-04-10 20:23:49.190992,69.0,Sports,East,11.0,47.46,0.201,Debit Card,completed,5.0,0.0,417.13
10510,2023-04-11 18:18:54.945788,47.0,Food,North,1.0,14.2,0.336,Cash,completed,1.0,0.0,9.43
10511,2023-04-12 16:14:00.700583,64.0,Electronics,North,4.0,10.69,0.26,crypto,Completed,,0.0,31.64
10512,2023-04-13 14:09:06.455379,52.0,Beauty,Central,13.0,19.14,,Credit Card,Cancelled,4.0,0.0,187.61
10513,2023-04-14 12:04:12.210175,72.0,Home,,13.0,35.36,0.07,PayPal,Cancelled,4.0,0.0,427.5
10514,2023-04-15 09:59:17.964970,57.0,Food,South,13.0,37.3,0.205,Credit Card,PENDING,4.0,0.0,385.5
10515,2023-04-16 07:54:23.719766,69.0,Toys,Central,2.0,5.36,0.286,crypto,Completed,4.0,0.0,7.65
10516,2023-04-17 05:49:29.474562,33.0,Clothing,South,9.0,17.3,0.389,crypto,PENDING,,1.0,95.13
10517,2023-04-18 03:44:35.229357,30.0,Books,West,8.0,46.41,0.081,crypto,PENDING,3.0,0.0,341.21
10518,2023-04-19 01:39:40.984153,67.0,Sports,North,7.0,11.56,0.004,crypto,completed,5.0,,80.6
10519,2023-04-19 23:34:46.738949,59.0,Electronics,West,4.0,8.69,0.03,Debit Card,PENDING,5.0,0.0,33.72
10520,2023-04-20 21:29:52.493744,47.0,Sports,Central,18.0,2.21,0.15,PayPal,PENDING,1.0,0.0,33.81
10521,2023-04-21 19:24:58.248540,36.0,Beauty,,3.0,14.94,0.328,crypto,completed,2.0,0.0,30.12
10522,2023-04-22 17:20:04.003336,34.0,Clothing,West,6.0,8.33,0.003,crypto,Cancelled,3.0,0.0,49.83
10523,2023-04-23 15:15:09.758131,73.0,Sports,West,12.0,10.17,0.183,Cash,Pending,1.0,0.0,99.71
10524,2023-04-24 13:10:15.512927,36.0,Electronics,Central,12.0,23.9,0.132,PayPal,Refunded,1.0,0.0,248.94
10525,2023-04-25 11:05:21.267723,45.0,Clothing,West,8.0,16.12,0.021,,PENDING,4.0,0.0,126.25
10526,2023-04-26 09:00:27.022518,72.0,Sports,South,1.0,8.17,0.18,PayPal,Pending,2.0,0.0,6.7
10527,2023-04-27 06:55:32.777314,43.0,Books,Central,4.0,2.61,0.102,PayPal,completed,2.0,,9.38
10528,2023-04-28 04:50:38.532110,54.0,Home,West,11.0,47.6,0.141,PayPal,Pending,3.0,,449.77
10529,2023-04-29 02:45:44.286905,43.0,Clothing,,3.0,81.73,0.282,crypto,Refunded,2.0,0.0,176.05
10530,2023-04-30 00:40:50.041701,70.0,Home,East,13.0,20.57,0.209,crypto,Pending,1.0,0.0,211.52
10531,2023-04-30 22:35:55.796497,,Toys,South,17.0,24.07,0.05,Debit Card,Pending,2.0,1.0,388.73
10532,2023-05-01 20:31:01.551292,26.0,Clothing,West,10.0,33.23,0.385,Credit Card,Pending,2.0,,204.36
10533,2023-05-02 18:26:07.306088,29.0,Books,East,12.0,220.2,0.254,Cash,Pending,5.0,0.0,1971.23
10534,2023-05-03 16:21:13.060884,70.0,Home,,15.0,5.05,0.306,,Completed,1.0,0.0,52.57
10535,2023-05-04 14:16:18.815679,18.0,Food,Central,10.0,20.14,0.032,Credit Card,PENDING,,,194.96
10536,2023-05-05 12:11:24.570475,18.0,Electronics,East,14.0,4.19,0.019,Credit Card,completed,2.0,1.0,57.55
10537,2023-05-06 10:06:30.325271,64.0,Food,South,13.0,51.15,0.008,Debit Card,Refunded,2.0,0.0,659.63
10538,2023-05-07 08:01:36.080066,51.0,Sports,South,5.0,27.86,0.076,,completed,4.0,0.0,128.71
10539,2023-05-08 05:56:41.834862,49.0,Books,North,6.0,42.25,0.166,PayPal,Completed,2.0,,211.42
10540,2023-05-09 03:51:47.589658,71.0,Food,South,2.0,39.8,0.374,Cash,Completed,2.0,1.0,49.83
10541,2023-05-10 01:46:53.344453,,Clothing,East,17.0,108.73,,Debit Card,Completed,5.0,1.0,1510.15
10542,2023-05-10 23:41:59.099249,,Sports,South,4.0,63.17,0.116,crypto,PENDING,1.0,1.0,223.37
10543,2023-05-11 21:37:04.854045,57.0,Sports,Central,14.0,89.71,0.225,Credit Card,Completed,3.0,0.0,973.35
10544,2023-05-12 19:32:10.608840,62.0,Food,North,10.0,9.22,0.045,PayPal,Pending,1.0,1.0,88.05
10545,2023-05-13 17:27:16.363636,70.0,Toys,East,3.0,138.63,0.244,crypto,completed,4.0,0.0,314.41
10546,2023-05-14 15:22:22.118432,18.0,Food,North,3.0,13.92,0.227,,Cancelled,1.0,,32.28
10547,2023-05-15 13:17:27.873227,33.0,Toys,East,15.0,14.91,0.317,Cash,Refunded,2.0,0.0,152.75
10548,2023-05-16 11:12:33.628023,56.0,Books,Central,6.0,45.83,0.395,Credit Card,Completed,4.0,1.0,166.36
10549,2023-05-17 09:07:39.382819,22.0,Electronics,North,17.0,47.57,0.1,,completed,1.0,0.0,727.82
10550,2023-05-18 07:02:45.137614,39.0,Food,West,12.0,9.15,0.204,crypto,Completed,4.0,0.0,87.4
10551,2023-05-19 04:57:50.892410,46.0,Beauty,East,11.0,26.9,0.364,crypto,PENDING,3.0,0.0,188.19
10552,2023-05-20 02:52:56.647206,72.0,Toys,West,4.0,197.53,0.314,Credit Card,Completed,1.0,0.0,542.02
10553,2023-05-21 00:48:02.402001,20.0,Food,North,6.0,5.69,0.195,Cash,Completed,,1.0,27.48
10554,2023-05-21 22:43:08.156797,29.0,Home,,1.0,196.81,,Debit Card,Completed,2.0,1.0,122.42
10555,2023-05-22 20:38:13.911592,43.0,Clothing,West,16.0,24.78,0.023,Cash,Completed,4.0,0.0,387.36
10556,2023-05-23 18:33:19.666388,33.0,Beauty,North,15.0,2.0,0.372,Cash,Refunded,,0.0,18.84
10557,2023-05-24 16:28:25.421184,68.0,Beauty,Central,17.0,6.42,0.02,Cash,completed,,,106.96
10558,2023-05-25 14:23:31.175979,54.0,Toys,,8.0,10.42,0.219,Credit Card,PENDING,5.0,1.0,65.1
10559,2023-05-26 12:18:36.930775,39.0,Home,West,12.0,15.66,0.356,Credit Card,Completed,4.0,1.0,121.02
10560,2023-05-27 10:13:42.685571,74.0,Home,Central,10.0,29.21,0.105,Debit Card,Completed,,1.0,261.43
10561,2023-05-28 08:08:48.440366,46.0,Sports,West,15.0,1.29,0.189,Cash,Completed,5.0,1.0,15.69
10562,2023-05-29 06:03:54.195162,31.0,Toys,West,9.0,41.44,0.13,Credit Card,Completed,,0.0,324.48
10563,2023-05-30 03:58:59.949958,45.0,Electronics,West,2.0,9.34,0.381,Debit Card,Pending,2.0,1.0,11.56
10564,2023-05-31 01:54:05.704753,22.0,Clothing,South,5.0,175.67,0.329,Debit Card,Pending,3.0,0.0,589.37
10565,2023-05-31 23:49:11.459549,,Books,Central,6.0,23.95,0.284,,Cancelled,5.0,1.0,102.89
10566,2023-06-01 21:44:17.214345,66.0,Beauty,West,7.0,102.66,0.235,PayPal,Completed,3.0,1.0,549.74
10567,2023-06-02 19:39:22.969140,47.0,Books,Central,1.0,125.51,0.328,Cash,Cancelled,4.0,0.0,84.34
10568,2023-06-03 17:34:28.723936,63.0,Food,East,7.0,121.5,0.157,PayPal,Refunded,2.0,0.0,716.97
10569,2023-06-04 15:29:34.478732,69.0,Food,East,12.0,16.78,0.179,Debit Card,Cancelled,5.0,0.0,165.32
10570,2023-06-05 13:24:40.233527,22.0,Books,West,16.0,16.53,0.292,Credit Card,completed,4.0,0.0,187.25
10571,2023-06-06 11:19:45.988323,29.0,Food,Central,16.0,25.28,0.143,crypto,Pending,,0.0,346.64
10572,2023-06-07 09:14:51.743119,33.0,Electronics,Central,11.0,71.06,0.026,Debit Card,Pending,1.0,1.0,761.34
10573,2023-06-08 07:09:57.497914,43.0,Home,Central,4.0,17.94,0.03,Credit Card,Completed,4.0,0.0,69.61
10574,2023-06-09 05:05:03.252710,43.0,Food,South,13.0,28.7,0.046,Debit Card,Completed,3.0,0.0,355.94
10575,2023-06-10 03:00:09.007506,65.0,Sports,East,7.0,45.98,0.348,,Refunded,2.0,,209.85
10576,2023-06-11 00:55:14.762301,38.0,Food,Central,4.0,11.18,0.189,PayPal,PENDING,2.0,1.0,36.27
10577,2023-06-11 22:50:20.517097,56.0,Clothing,Central,15.0,10.36,0.285,Debit Card,Refunded,4.0,0.0,111.11
10578,2023-06-12 20:45:26.271893,53.0,Electronics,South,19.0,27.39,0.157,Credit Card,completed,,1.0,438.71
10579,2023-06-13 18:40:32.026688,50.0,Clothing,South,9.0,32.11,0.103,Cash,Completed,1.0,0.0,259.22
10580,2023-06-14 16:35:37.781484,47.0,Clothing,Central,11.0,55.74,0.139,crypto,Completed,3.0,0.0,527.91
10581,2023-06-15 14:30:43.536280,54.0,Sports,North,8.0,74.16,0.318,Cash,Refunded,4.0,0.0,404.62
10582,2023-06-16 12:25:49.291075,40.0,Electronics,Central,1.0,8.86,0.25,PayPal,Refunded,4.0,0.0,6.64
10583,2023-06-17 10:20:55.045871,27.0,Electronics,Central,8.0,12.5,0.375,Cash,Refunded,2.0,0.0,62.5
10584,2023-06-18 08:16:00.800667,71.0,Toys,South,13.0,10.33,0.272,crypto,Pending,3.0,,97.76
10585,2023-06-19 06:11:06.555462,22.0,Electronics,South,4.0,180.36,,Credit Card,Cancelled,1.0,1.0,556.95
10586,2023-06-20 04:06:12.310258,53.0,Electronics,Central,8.0,28.66,0.244,Debit Card,Cancelled,2.0,0.0,173.34
10587,2023-06-21 02:01:18.065054,51.0,Electronics,Central,3.0,33.76,0.377,PayPal,Completed,4.0,0.0,63.1
10588,2023-06-21 23:56:23.819849,69.0,Sports,Central,9.0,35.49,0.315,crypto,Pending,2.0,0.0,218.8
10589,2023-06-22 21:51:29.574645,48.0,Food,South,2.0,14.03,0.01,PayPal,Refunded,2.0,1.0,27.78
10590,2023-06-23 19:46:35.329441,,Toys,,2.0,216.4,0.214,Cash,Completed,5.0,1.0,340.18
10591,2023-06-24 17:41:41.084236,36.0,Clothing,Central,13.0,54.23,0.275,PayPal,Pending,2.0,0.0,511.12
10592,2023-06-25 15:36:46.839032,49.0,Electronics,West,15.0,34.73,0.299,crypto,completed,,0.0,365.19
10593,2023-06-26 13:31:52.593828,,Beauty,North,12.0,8.79,0.085,Debit Card,PENDING,2.0,0.0,96.51
10594,2023-06-27 11:26:58.348623,73.0,Food,East,4.0,8.21,0.347,Debit Card,Pending,,0.0,21.44
10595,2023-06-28 09:22:04.103419,22.0,Food,North,8.0,22.86,0.382,PayPal,Completed,3.0,0.0,113.02
10596,2023-06-29 07:17:09.858215,62.0,Clothing,West,9.0,14.3,,Credit Card,Cancelled,2.0,0.0,116.47
10597,2023-06-30 05:12:15.613010,21.0,Sports,East,5.0,9.2,0.353,PayPal,Refunded,1.0,0.0,29.76
10598,2023-07-01 03:07:21.367806,33.0,Books,Central,18.0,21.22,0.039,Cash,PENDING,,0.0,367.06
10599,2023-07-02 01:02:27.122602,41.0,Books,West,11.0,25.54,0.022,Debit Card,completed,,0.0,274.76
10600,2023-07-02 22:57:32.877397,,Food,Central,15.0,39.26,,Debit Card,PENDING,4.0,0.0,558.28
10601,2023-07-03 20:52:38.632193,,Home,South,9.0,18.09,0.023,Debit Card,PENDING,3.0,1.0,159.07
10602,2023-07-04 18:47:44.386989,19.0,Home,West,17.0,9.88,0.338,Credit Card,Pending,2.0,,111.19
10603,2023-07-05 16:42:50.141784,66.0,Clothing,South,12.0,10.3,0.024,Credit Card,Completed,1.0,1.0,120.63
10604,2023-07-06 14:37:55.896580,45.0,Books,West,885.0,141.96,0.109,crypto,Completed,4.0,1.0,885.4
10605,2023-07-07 12:33:01.651376,49.0,Food,West,10.0,7.37,0.042,PayPal,PENDING,3.0,0.0,70.6
10606,2023-07-08 10:28:07.406171,44.0,Sports,South,10.0,51.2,0.118,PayPal,Refunded,,0.0,451.58
10607,2023-07-09 08:23:13.160967,37.0,Books,East,13.0,61.77,0.036,,Completed,1.0,,774.1
10608,2023-07-10 06:18:18.915763,41.0,Food,North,19.0,28.63,0.267,Debit Card,PENDING,2.0,0.0,398.73
10609,2023-07-11 04:13:24.670558,29.0,Food,Central,11.0,276.27,0.053,Credit Card,Completed,5.0,0.0,2877.9
10610,2023-07-12 02:08:30.425354,67.0,Electronics,West,13.0,60.46,0.341,Cash,Refunded,5.0,0.0,517.96
10611,2023-07-13 00:03:36.180150,52.0,Sports,Central,8.0,302.32,0.327,Cash,completed,3.0,0.0,1627.69
10612,2023-07-13 21:58:41.934945,50.0,Electronics,South,8.0,15.16,0.005,Credit Card,PENDING,1.0,0.0,120.67
10613,2023-07-14 19:53:47.689741,50.0,Clothing,Central,4.0,15.48,,PayPal,Cancelled,4.0,0.0,39.75
10614,2023-07-15 17:48:53.444537,68.0,Electronics,South,15.0,62.37,0.012,Debit Card,Cancelled,1.0,1.0,924.32
10615,2023-07-16 15:43:59.199332,,Beauty,Central,11.0,24.2,0.096,PayPal,PENDING,,0.0,240.64
10616,2023-07-17 13:39:04.954128,54.0,Electronics,North,11.0,250.33,0.013,Cash,Pending,5.0,1.0,2717.83
10617,2023-07-18 11:34:10.708924,29.0,Beauty,North,1.0,49.9,0.134,Debit Card,completed,3.0,0.0,43.21
10618,2023-07-19 09:29:16.463719,20.0,Books,North,17.0,9.45,0.206,crypto,Pending,2.0,,127.56
10619,2023-07-20 07:24:22.218515,18.0,Home,,15.0,4.12,0.319,Cash,Cancelled,1.0,0.0,42.09
10620,2023-07-21 05:19:27.973311,50.0,Toys,North,6.0,30.15,0.135,PayPal,Refunded,5.0,0.0,156.48
10621,2023-07-22 03:14:33.728106,57.0,Toys,North,15.0,29.76,0.282,PayPal,PENDING,4.0,0.0,320.52
10622,2023-07-23 01:09:39.482902,27.0,Food,South,9.0,48.26,0.075,PayPal,Completed,3.0,0.0,401.76
10623,2023-07-23 23:04:45.237698,60.0,Toys,West,14.0,141.57,0.3,Credit Card,Cancelled,2.0,0.0,1387.39
10624,2023-07-24 20:59:50.992493,61.0,Beauty,Central,18.0,120.9,0.094,Cash,completed,1.0,0.0,1971.64
10625,2023-07-25 18:54:56.747289,46.0,Sports,North,17.0,16.53,0.057,,Cancelled,4.0,0.0,264.99
10626,2023-07-26 16:50:02.502085,30.0,Electronics,South,18.0,7.01,0.074,PayPal,completed,2.0,0.0,116.84
10627,2023-07-27 14:45:08.256880,29.0,Beauty,South,5.0,7.53,0.073,PayPal,completed,,1.0,34.9
10628,2023-07-28 12:40:14.011676,48.0,Sports,South,9.0,13.68,0.205,Credit Card,PENDING,5.0,1.0,97.88
10629,2023-07-29 10:35:19.766472,63.0,Home,West,11.0,21.33,0.338,Debit Card,completed,,0.0,155.33
10630,2023-07-30 08:30:25.521267,19.0,Toys,Central,1.0,47.75,0.032,Cash,Pending,5.0,0.0,46.22
10631,2023-07-31 06:25:31.276063,68.0,Home,West,18.0,12.66,0.283,crypto,Refunded,4.0,1.0,163.39
10632,2023-08-01 04:20:37.030859,67.0,Toys,East,6.0,46.36,0.262,Credit Card,Cancelled,,0.0,205.28
10633,2023-08-02 02:15:42.785654,52.0,Electronics,,2.0,51.13,0.349,Cash,Refunded,5.0,0.0,66.57
10634,2023-08-03 00:10:48.540450,40.0,Clothing,East,15.0,39.33,0.098,crypto,Completed,3.0,0.0,532.13
10635,2023-08-03 22:05:54.295246,34.0,Electronics,North,14.0,8.55,0.18,PayPal,Cancelled,4.0,0.0,98.15
10636,2023-08-04 20:01:00.050041,43.0,Books,North,5.0,58.06,0.37,PayPal,Refunded,5.0,0.0,182.89
10637,2023-08-05 17:56:05.804837,25.0,Beauty,West,6.0,402.43,0.264,,Refunded,1.0,0.0,1777.13
10638,2023-08-06 15:51:11.559633,46.0,Food,Central,6.0,44.48,0.156,crypto,PENDING,5.0,0.0,225.25
10639,2023-08-07 13:46:17.314428,43.0,Clothing,East,18.0,0.96,,PayPal,PENDING,,0.0,16.36
10640,2023-08-08 11:41:23.069224,27.0,Electronics,,14.0,146.8,0.105,PayPal,Completed,3.0,,1839.4
10641,2023-08-09 09:36:28.824020,43.0,Sports,West,10.0,14.25,0.232,Debit Card,completed,2.0,0.0,109.44
10642,2023-08-10 07:31:34.578815,51.0,Clothing,North,14.0,502.13,0.287,Cash,Cancelled,2.0,0.0,5012.26
10643,2023-08-11 05:26:40.333611,68.0,Beauty,Central,13.0,38.08,0.05,PayPal,PENDING,5.0,0.0,470.29
10644,2023-08-12 03:21:46.088407,58.0,Toys,Central,3.0,4.39,0.24,Credit Card,Cancelled,2.0,0.0,10.01
10645,2023-08-13 01:16:51.843202,24.0,Clothing,North,6.0,2.78,0.22,Credit Card,Completed,5.0,0.0,13.01
10646,2023-08-13 23:11:57.597998,21.0,Toys,East,8.0,210.12,0.206,Cash,PENDING,3.0,0.0,1334.68
10647,2023-08-14 21:07:03.352794,70.0,Beauty,North,12.0,124.85,0.276,,PENDING,2.0,0.0,1084.7
10648,2023-08-15 19:02:09.107589,67.0,Electronics,Central,13.0,478.77,0.335,Debit Card,completed,,0.0,4138.97
10649,2023-08-16 16:57:14.862385,62.0,Beauty,East,11.0,33.55,0.129,Credit Card,Cancelled,,0.0,321.44
10650,2023-08-17 14:52:20.617180,28.0,Clothing,East,12.0,30.94,0.356,Credit Card,Cancelled,1.0,0.0,239.1
10651,2023-08-18 12:47:26.371976,46.0,Sports,North,1.0,20.92,0.064,Cash,Cancelled,5.0,1.0,19.58
10652,2023-08-19 10:42:32.126772,73.0,Home,Central,17.0,15.03,0.069,crypto,completed,2.0,0.0,237.88
10653,2023-08-20 08:37:37.881567,53.0,Clothing,West,16.0,20.68,0.107,crypto,PENDING,,0.0,295.48
10654,2023-08-21 06:32:43.636363,42.0,Beauty,Central,11.0,42.99,0.048,Cash,Completed,3.0,0.0,450.19
10655,2023-08-22 04:27:49.391159,38.0,Home,,13.0,12.03,0.092,Credit Card,Cancelled,3.0,0.0,142.0
10656,2023-08-23 02:22:55.145954,74.0,Beauty,West,18.0,4.47,0.043,Debit Card,Refunded,1.0,,77.0
10657,2023-08-24 00:18:00.900750,53.0,Sports,East,11.0,40.12,0.329,Credit Card,completed,3.0,0.0,296.13
10658,2023-08-24 22:13:06.655546,27.0,Beauty,West,12.0,11.71,0.056,crypto,Pending,3.0,0.0,132.65
10659,2023-08-25 20:08:12.410341,54.0,Electronics,East,6.0,0.68,0.299,Credit Card,Completed,2.0,0.0,2.86
10660,2023-08-26 18:03:18.165137,26.0,Food,East,9.0,64.27,,Debit Card,Refunded,5.0,0.0,567.44
10661,2023-08-27 15:58:23.919933,41.0,Toys,West,16.0,8.76,0.379,PayPal,Cancelled,4.0,0.0,87.04
10662,2023-08-28 13:53:29.674728,52.0,Toys,East,4.0,73.27,0.284,,Pending,3.0,0.0,209.85
10663,2023-08-29 11:48:35.429524,66.0,Clothing,East,3.0,71.19,0.003,Cash,Completed,3.0,0.0,212.93
10664,2023-08-30 09:43:41.184320,52.0,Food,South,16.0,46.54,0.306,PayPal,completed,4.0,,516.78
10665,2023-08-31 07:38:46.939115,65.0,Beauty,Central,12.0,662.61,0.206,Cash,Pending,3.0,0.0,6313.35
10666,2023-09-01 05:33:52.693911,53.0,Sports,Central,11.0,28.06,0.312,Cash,PENDING,2.0,0.0,212.36
10667,2023-09-02 03:28:58.448707,35.0,Clothing,South,5.0,23.51,0.209,Cash,Pending,2.0,,92.98
10668,2023-09-03 01:24:04.203502,66.0,Beauty,West,18.0,75.22,,,Refunded,4.0,1.0,1007.35
10669,2023-09-03 23:19:09.958298,56.0,Home,North,19.0,30.98,0.315,crypto,Completed,,0.0,403.2
10670,2023-09-04 21:14:15.713094,49.0,Books,North,6.0,133.3,0.162,PayPal,Refunded,3.0,0.0,670.23
10671,2023-09-05 19:09:21.467889,41.0,Beauty,North,18.0,7.22,0.001,,Refunded,,1.0,129.83
10672,2023-09-06 17:04:27.222685,40.0,Food,South,6.0,7.37,0.34,crypto,Cancelled,3.0,0.0,29.19
10673,2023-09-07 14:59:32.977481,49.0,Clothing,South,4.0,83.01,0.152,Credit Card,completed,5.0,0.0,281.57
10674,2023-09-08 12:54:38.732276,54.0,Food,East,12.0,8.18,0.198,Cash,Pending,3.0,1.0,78.72
10675,2023-09-09 10:49:44.487072,,Clothing,North,19.0,68.78,0.003,Debit Card,Completed,2.0,0.0,1302.9
10676,2023-09-10 08:44:50.241868,66.0,Beauty,,2.0,51.62,0.197,,PENDING,1.0,0.0,82.9
10677,2023-09-11 06:39:55.996663,72.0,Electronics,West,17.0,14.39,0.395,crypto,completed,1.0,0.0,148.0
10678,2023-09-12 04:35:01.751459,30.0,Home,North,11.0,51.45,0.111,crypto,completed,1.0,0.0,503.13
10679,2023-09-13 02:30:07.506255,40.0,Beauty,North,11.0,7.53,0.158,Debit Card,Completed,1.0,1.0,69.74
10680,2023-09-14 00:25:13.261050,42.0,Toys,North,16.0,9.98,0.275,Credit Card,completed,,0.0,115.77
10681,2023-09-14 22:20:19.015846,52.0,Food,South,2.0,24.91,0.326,,Cancelled,,1.0,33.58
10682,2023-09-15 20:15:24.770642,58.0,Books,South,2.0,36.41,0.167,Debit Card,completed,3.0,0.0,60.66
10683,2023-09-16 18:10:30.525437,47.0,Books,South,8.0,23.0,0.124,Cash,Cancelled,,0.0,161.18
10684,2023-09-17 16:05:36.280233,34.0,Sports,Central,13.0,55.69,,PayPal,Pending,3.0,0.0,452.48
10685,2023-09-18 14:00:42.035029,66.0,Clothing,West,10.0,52.78,0.271,crypto,Pending,5.0,1.0,384.77
10686,2023-09-19 11:55:47.789824,37.0,Food,West,8.0,207.52,0.048,Debit Card,Refunded,3.0,,1580.47
10687,2023-09-20 09:50:53.544620,65.0,Sports,East,4.0,29.54,0.028,crypto,Cancelled,1.0,0.0,114.85
10688,2023-09-21 07:45:59.299416,42.0,Food,South,15.0,138.86,0.193,crypto,PENDING,4.0,0.0,1680.9
10689,2023-09-22 05:41:05.054211,39.0,Toys,Central,1.0,17605.043573316245,0.088,crypto,Pending,4.0,0.0,91.17
10690,2023-09-23 03:36:10.809007,30.0,Clothing,Central,11.0,519.45,0.102,Credit Card,completed,2.0,1.0,5131.13
10691,2023-09-24 01:31:16.563803,36.0,Beauty,West,7.0,28.43,0.351,crypto,Completed,2.0,0.0,129.16
10692,2023-09-24 23:26:22.318598,,Beauty,South,17.0,20.0,0.036,Cash,Completed,3.0,0.0,327.76
10693,2023-09-25 21:21:28.073394,53.0,Books,East,18.0,149.79,0.286,Cash,Cancelled,4.0,0.0,1925.1
10694,2023-09-26 19:16:33.828190,29.0,Beauty,South,12.0,52.59,0.108,PayPal,PENDING,1.0,0.0,562.92
10695,2023-09-27 17:11:39.582985,58.0,Beauty,North,9.0,18747.025229990846,0.304,crypto,Refunded,,0.0,965.66
10696,2023-09-28 15:06:45.337781,36.0,Toys,South,5.0,78.27,0.289,crypto,completed,1.0,0.0,278.25
10697,2023-09-29 13:01:51.092577,29.0,Electronics,North,10.0,2.64,0.003,Debit Card,Cancelled,1.0,1.0,26.32
10698,2023-09-30 10:56:56.847372,26.0,Books,North,4.0,14421.252148571532,0.204,Credit Card,Completed,3.0,0.0,165.63
10699,2023-10-01 08:52:02.602168,,Sports,East,5.0,48.11,0.056,PayPal,Cancelled,3.0,0.0,227.08
10700,2023-10-02 06:47:08.356964,45.0,Home,West,10.0,38.85,0.346,crypto,completed,5.0,0.0,254.08
10701,2023-10-03 04:42:14.111759,31.0,Electronics,South,11.0,28.26,0.349,Debit Card,PENDING,1.0,0.0,202.37
10702,2023-10-04 02:37:19.866555,48.0,Sports,North,10.0,4.9,0.167,Credit Card,PENDING,1.0,1.0,40.82
10703,2023-10-05 00:32:25.621351,69.0,Clothing,South,8.0,94.54,0.178,PayPal,Pending,3.0,0.0,621.7
10704,2023-10-05 22:27:31.376146,36.0,Electronics,West,2.0,51.86,0.121,PayPal,completed,3.0,0.0,91.17
10705,2023-10-06 20:22:37.130942,64.0,Toys,West,8.0,124.26,0.287,crypto,Pending,5.0,0.0,708.78
10706,2023-10-07 18:17:42.885738,33.0,Sports,Central,16.0,5.23,0.143,PayPal,Pending,5.0,0.0,71.71
10707,2023-10-08 16:12:48.640533,70.0,Clothing,West,5.0,60.86,0.107,Debit Card,Pending,2.0,0.0,271.74
10708,2023-10-09 14:07:54.395329,22.0,Books,East,3.0,24.99,0.173,PayPal,Cancelled,4.0,0.0,62.0
10709,2023-10-10 12:03:00.150125,52.0,Home,North,12.0,39.35,0.037,Cash,Completed,1.0,0.0,454.73
10710,2023-10-11 09:58:05.904920,29.0,Clothing,Central,13.0,25.34,0.299,Debit Card,PENDING,1.0,1.0,230.92
10711,2023-10-12 07:53:11.659716,42.0,Beauty,East,13.0,63.58,0.005,Credit Card,Cancelled,5.0,0.0,822.41
10712,2023-10-13 05:48:17.414512,69.0,Food,South,10.0,27.24,0.258,Credit Card,Completed,5.0,0.0,202.12
10713,2023-10-14 03:43:23.169307,38.0,Clothing,North,4.0,9.37,0.073,crypto,PENDING,2.0,1.0,34.74
10714,2023-10-15 01:38:28.924103,53.0,Clothing,West,9.0,36.73,0.093,crypto,completed,4.0,0.0,299.83
10715,2023-10-15 23:33:34.678899,70.0,Home,North,2.0,25.61,0.254,Cash,PENDING,2.0,0.0,38.21
10716,2023-10-16 21:28:40.433694,40.0,Food,South,19.0,29.96,0.397,Credit Card,PENDING,4.0,0.0,343.25
10717,2023-10-17 19:23:46.188490,33.0,Beauty,Central,1.0,0.72,0.311,Credit Card,PENDING,,0.0,0.5
10718,2023-10-18 17:18:51.943286,74.0,Sports,Central,7.0,75.13,0.09,,Refunded,1.0,0.0,478.58
10719,2023-10-19 15:13:57.698081,56.0,Sports,Central,17.0,22.7,,Credit Card,completed,2.0,0.0,358.89
10720,2023-10-20 13:09:03.452877,62.0,Clothing,West,3.0,6.57,0.346,PayPal,Cancelled,5.0,1.0,12.89
10721,2023-10-21 11:04:09.207673,70.0,Toys,,3.0,100.19,0.178,Debit Card,Cancelled,2.0,0.0,247.07
10722,2023-10-22 08:59:14.962468,59.0,Toys,East,3.0,71.07,0.055,Debit Card,Completed,,0.0,201.48
10723,2023-10-23 06:54:20.717264,56.0,Food,North,17.0,22.36,0.345,,Cancelled,2.0,0.0,248.98
10724,2023-10-24 04:49:26.472060,31.0,Food,,7.0,8.31,0.326,PayPal,Pending,1.0,0.0,39.21
10725,2023-10-25 02:44:32.226855,48.0,Beauty,Central,14.0,41.0,0.394,Credit Card,PENDING,,0.0,347.84
10726,2023-10-26 00:39:37.981651,22.0,Home,,17.0,38.39,0.364,Credit Card,Cancelled,5.0,0.0,415.07
10727,2023-10-26 22:34:43.736447,52.0,Books,South,18.0,100.4,0.341,crypto,Completed,5.0,0.0,1190.94
10728,2023-10-27 20:29:49.491242,40.0,Sports,South,13.0,19.44,,crypto,Completed,3.0,1.0,247.41
10729,2023-10-28 18:24:55.246038,46.0,Home,Central,18.0,138.92,0.042,Cash,Pending,,0.0,2395.54
10730,2023-10-29 16:20:01.000834,,Electronics,,4.0,17.32,0.228,Credit Card,Completed,3.0,1.0,53.48
10731,2023-10-30 14:15:06.755629,28.0,Sports,West,1.0,6.59,0.213,Cash,Refunded,3.0,1.0,5.19
10732,2023-10-31 12:10:12.510425,35.0,Home,East,18.0,8.51,0.183,PayPal,PENDING,1.0,0.0,125.15
10733,2023-11-01 10:05:18.265221,,Sports,South,1.0,30.73,0.159,Debit Card,PENDING,2.0,1.0,25.84
10734,2023-11-02 08:00:24.020016,29.0,Books,East,13.0,30.61,0.172,Credit Card,PENDING,5.0,1.0,329.49
10735,2023-11-03 05:55:29.774812,26.0,Electronics,West,10.0,49.08,0.228,PayPal,completed,5.0,0.0,378.9
10736,2023-11-04 03:50:35.529608,27.0,Toys,Central,11.0,29.71,0.001,Credit Card,Cancelled,2.0,,326.48
10737,2023-11-05 01:45:41.284403,61.0,Toys,East,9.0,107.0,0.104,crypto,Refunded,5.0,0.0,862.85
10738,2023-11-05 23:40:47.039199,34.0,Books,Central,9.0,24.21,0.207,Cash,Cancelled,2.0,0.0,172.79
10739,2023-11-06 21:35:52.793995,55.0,Beauty,Central,5.0,3.02,0.289,crypto,Refunded,,1.0,10.74
10740,2023-11-07 19:30:58.548790,24.0,Electronics,North,1.0,28.64,0.07,Debit Card,Cancelled,1.0,0.0,26.64
10741,2023-11-08 17:26:04.303586,63.0,Clothing,East,17.0,2.98,0.219,crypto,Pending,1.0,0.0,39.57
10742,2023-11-09 15:21:10.058381,30.0,Home,East,2.0,45.86,0.286,Credit Card,Completed,1.0,0.0,65.49
10743,2023-11-10 13:16:15.813177,57.0,Electronics,,13.0,117.76,0.178,crypto,Completed,2.0,1.0,1258.38
10744,2023-11-11 11:11:21.567973,59.0,Beauty,West,9.0,10.14,0.011,Credit Card,Pending,2.0,1.0,90.26
10745,2023-11-12 09:06:27.322768,26.0,Beauty,North,4.0,181.68,0.18,Debit Card,Refunded,4.0,0.0,595.91
10746,2023-11-13 07:01:33.077564,67.0,Books,Central,5.0,91.05,0.119,crypto,completed,5.0,,401.08
10747,2023-11-14 04:56:38.832360,44.0,Sports,South,11.0,140.86,0.372,Cash,Refunded,5.0,0.0,973.06
10748,2023-11-15 02:51:44.587155,19.0,Electronics,South,19.0,41.57,0.05,Cash,Completed,4.0,0.0,750.34
10749,2023-11-16 00:46:50.341951,22.0,Home,North,3.0,10.06,0.261,Cash,completed,4.0,0.0,22.3
10750,2023-11-16 22:41:56.096747,46.0,Electronics,West,12.0,84.52,0.021,crypto,Cancelled,1.0,1.0,992.94
10751,2023-11-17 20:37:01.851542,54.0,Food,Central,19.0,15.65,0.178,crypto,completed,4.0,0.0,244.42
10752,2023-11-18 18:32:07.606338,55.0,Sports,East,19.0,38.15,0.222,crypto,Refunded,2.0,0.0,563.93
10753,2023-11-19 16:27:13.361134,36.0,Home,North,13.0,26.96,0.119,Credit Card,Pending,3.0,1.0,308.77
10754,2023-11-20 14:22:19.115929,,Toys,West,7.0,127.69,0.182,Debit Card,Cancelled,2.0,,731.15
10755,2023-11-21 12:17:24.870725,,Home,East,15.0,79.55,0.065,Cash,Refunded,4.0,0.0,1115.69
10756,2023-11-22 10:12:30.625521,62.0,Clothing,South,7.0,30.06,0.122,Credit Card,Cancelled,5.0,0.0,184.75
10757,2023-11-23 08:07:36.380316,18.0,Books,South,8.0,3.18,0.248,Cash,completed,2.0,,19.13
10758,2023-11-24 06:02:42.135112,39.0,Clothing,East,5.0,15.45,0.121,Credit Card,Completed,5.0,1.0,67.9
10759,2023-11-25 03:57:47.889908,69.0,Home,North,14.0,77.1,0.36,crypto,Refunded,2.0,0.0,690.82
10760,2023-11-26 01:52:53.644703,34.0,Sports,South,4.0,46.35,0.251,,Pending,5.0,1.0,138.86
10761,2023-11-26 23:47:59.399499,24.0,Electronics,Central,10.0,5.45,0.175,crypto,completed,,1.0,44.96
10762,2023-11-27 21:43:05.154295,42.0,Toys,East,15.0,3.79,,Cash,Refunded,2.0,,55.94
10763,2023-11-28 19:38:10.909090,62.0,Electronics,East,18.0,41.87,0.2,PayPal,Pending,5.0,1.0,602.93
10764,2023-11-29 17:33:16.663886,21.0,Sports,South,13.0,9.31,,Credit Card,Refunded,3.0,0.0,83.99
10765,2023-11-30 15:28:22.418682,53.0,Home,North,8.0,10.45,0.106,PayPal,completed,1.0,0.0,74.74
10766,2023-12-01 13:23:28.173477,23.0,Beauty,Central,9.0,74.23,0.323,Credit Card,Refunded,2.0,0.0,452.28
10767,2023-12-02 11:18:33.928273,48.0,Electronics,North,16.0,140.15,0.101,Debit Card,Cancelled,3.0,0.0,2015.92
10768,2023-12-03 09:13:39.683069,36.0,Beauty,West,19.0,13.45,,Cash,completed,1.0,1.0,171.47
10769,2023-12-04 07:08:45.437864,61.0,Electronics,West,16.0,31.38,0.034,Debit Card,Refunded,2.0,,485.01
10770,2023-12-05 05:03:51.192660,71.0,Electronics,,7.0,30.29,0.346,Debit Card,Completed,3.0,0.0,138.67
10771,2023-12-06 02:58:56.947456,,Toys,South,14.0,27.19,0.2,Credit Card,Refunded,3.0,0.0,304.53
10772,2023-12-07 00:54:02.702251,44.0,Books,South,14.0,34.77,0.119,PayPal,Cancelled,,0.0,428.85
10773,2023-12-07 22:49:08.457047,27.0,Books,West,4.0,82.09,0.106,crypto,Pending,3.0,0.0,293.55
10774,2023-12-08 20:44:14.211843,43.0,Food,North,15.0,14.75,0.173,Credit Card,Pending,,0.0,182.97
10775,2023-12-09 18:39:19.966638,36.0,Clothing,North,3.0,5.31,0.4,crypto,Pending,4.0,0.0,9.56
10776,2023-12-10 16:34:25.721434,56.0,Sports,South,5.0,251.64,0.088,Debit Card,Completed,5.0,0.0,1147.48
10777,2023-12-11 14:29:31.476230,20.0,Sports,Central,1.0,122.4,0.041,crypto,Cancelled,1.0,0.0,117.38
10778,2023-12-12 12:24:37.231025,62.0,Sports,North,3.0,8.81,0.234,PayPal,completed,5.0,0.0,20.25
10779,2023-12-13 10:19:42.985821,30.0,Food,West,15.0,38.97,0.195,,Pending,5.0,1.0,470.56
10780,2023-12-14 08:14:48.740617,,Books,East,8.0,111.37,0.21,PayPal,Cancelled,,0.0,703.86
10781,2023-12-15 06:09:54.495412,45.0,Home,East,4.0,81.36,0.267,PayPal,Refunded,5.0,0.0,238.55
10782,2023-12-16 04:05:00.250208,37.0,Beauty,East,2.0,57.65,0.107,Credit Card,Completed,3.0,0.0,102.96
10783,2023-12-17 02:00:06.005004,45.0,Toys,Central,10.0,27.0,0.364,PayPal,Cancelled,,0.0,171.72
10784,2023-12-17 23:55:11.759799,25.0,Beauty,South,4.0,263.16,0.174,Cash,Cancelled,5.0,1.0,869.48
10785,2023-12-18 21:50:17.514595,58.0,Home,West,3.0,43.17,0.052,Cash,completed,,0.0,122.78
10786,2023-12-19 19:45:23.269391,56.0,Toys,Central,2.0,17.85,0.297,Cash,Cancelled,4.0,1.0,25.1
10787,2023-12-20 17:40:29.024186,18.0,Food,West,17.0,94.19,0.257,crypto,completed,,0.0,1189.71
10788,2023-12-21 15:35:34.778982,20.0,Home,West,13.0,37.16,0.126,PayPal,Completed,2.0,0.0,422.21
10789,2023-12-22 13:30:40.533778,30.0,Sports,South,5.0,50.39,0.249,Credit Card,Completed,3.0,0.0,189.21
10790,2023-12-23 11:25:46.288573,45.0,Clothing,East,9.0,42.26,0.088,Credit Card,Refunded,1.0,1.0,346.87
10791,2023-12-24 09:20:52.043369,74.0,Electronics,South,6.0,60.11,,crypto,completed,2.0,0.0,296.46
10792,2023-12-25 07:15:57.798165,66.0,Beauty,Central,5.0,10.24,0.36,Credit Card,completed,2.0,,32.77
10793,2023-12-26 05:11:03.552960,42.0,Books,Central,10.0,5.8,0.053,Cash,Pending,2.0,0.0,54.93
10794,2023-12-27 03:06:09.307756,73.0,Books,Central,8.0,185.11,0.155,PayPal,Pending,5.0,0.0,1251.34
10795,2023-12-28 01:01:15.062552,50.0,Food,South,7.0,44.68,0.328,Credit Card,Refunded,,1.0,210.17
10796,2023-12-28 22:56:20.817347,55.0,Toys,West,7.0,83.51,,Credit Card,Completed,,,357.76
10797,2023-12-29 20:51:26.572143,70.0,Books,West,6.0,4.01,0.182,Debit Card,PENDING,5.0,0.0,19.68
10798,2023-12-30 18:46:32.326939,23.0,Sports,North,3.0,119.11,0.203,Debit Card,Pending,3.0,0.0,284.79
10799,2023-12-31 16:41:38.081734,61.0,Beauty,Central,19.0,17.71,0.229,Debit Card,Cancelled,5.0,0.0,259.43
10800,2024-01-01 14:36:43.836530,62.0,Home,West,15.0,12.59,0.373,PayPal,Completed,5.0,0.0,118.41
10801,2024-01-02 12:31:49.591326,,Sports,North,4.0,30.69,0.343,Cash,PENDING,5.0,,80.65
10802,2024-01-03 10:26:55.346121,,Food,West,12.0,10.24,0.068,Cash,Cancelled,3.0,0.0,114.52
10803,2024-01-04 08:22:01.100917,64.0,Sports,Central,6.0,33.05,0.175,Cash,completed,3.0,0.0,163.6
10804,2024-01-05 06:17:06.855713,38.0,Home,East,19.0,28.12,0.186,PayPal,Completed,4.0,,434.9
10805,2024-01-06 04:12:12.610508,,Clothing,Central,4.0,118.21,0.316,PayPal,Refunded,4.0,1.0,323.42
10806,2024-01-07 02:07:18.365304,,Food,South,15.0,203.57,0.241,Debit Card,completed,4.0,0.0,2317.64
10807,2024-01-08 00:02:24.120100,38.0,Clothing,West,9.0,195.94,0.262,Credit Card,completed,4.0,,1301.43
10808,2024-01-08 21:57:29.874895,28.0,Electronics,West,5.0,2.19,0.399,crypto,Cancelled,,0.0,6.58
10809,2024-01-09 19:52:35.629691,54.0,Clothing,South,13.0,10.78,0.03,crypto,completed,2.0,0.0,135.94
10810,2024-01-10 17:47:41.384487,53.0,Electronics,South,18.0,2.16,0.089,Credit Card,Pending,2.0,,35.42
10811,2024-01-11 15:42:47.139282,,Electronics,,5.0,7.91,,Debit Card,Completed,4.0,0.0,33.1
10812,2024-01-12 13:37:52.894078,36.0,Clothing,West,16.0,15.19,0.139,Credit Card,Pending,4.0,0.0,209.26
10813,2024-01-13 11:32:58.648874,37.0,Food,West,19.0,54.2,0.009,Credit Card,Cancelled,1.0,0.0,1020.53
10814,2024-01-14 09:28:04.403669,74.0,Toys,East,14.0,17.74,0.037,crypto,PENDING,2.0,1.0,239.17
10815,2024-01-15 07:23:10.158465,35.0,Home,North,16.0,18.35,0.272,Debit Card,Cancelled,1.0,0.0,213.74
10816,2024-01-16 05:18:15.913261,64.0,Sports,East,15.0,41.19,0.352,PayPal,Completed,1.0,0.0,400.37
10817,2024-01-17 03:13:21.668056,58.0,Sports,Central,4.0,4.26,0.206,crypto,completed,5.0,0.0,13.53
10818,2024-01-18 01:08:27.422852,66.0,Home,West,7.0,12.11,0.216,PayPal,Refunded,,0.0,66.46
10819,2024-01-18 23:03:33.177648,31.0,Beauty,South,16.0,18.1,0.102,Debit Card,Cancelled,3.0,0.0,260.06
10820,2024-01-19 20:58:38.932443,,Beauty,Central,8.0,25.97,0.307,Credit Card,Completed,2.0,1.0,143.98
10821,2024-01-20 18:53:44.687239,48.0,Electronics,West,17.0,36.32,0.301,Cash,Refunded,4.0,0.0,431.59
10822,2024-01-21 16:48:50.442035,,Electronics,East,16.0,200.49,0.235,Cash,completed,4.0,0.0,2454.0
10823,2024-01-22 14:43:56.196830,70.0,Food,Central,10.0,98.49,0.085,Debit Card,PENDING,3.0,0.0,901.18
10824,2024-01-23 12:39:01.951626,71.0,Books,West,10.0,13.16,0.039,Cash,Cancelled,2.0,0.0,126.47
10825,2024-01-24 10:34:07.706422,71.0,Clothing,North,2.0,24.2,0.026,PayPal,PENDING,4.0,1.0,47.14
10826,2024-01-25 08:29:13.461217,20.0,Electronics,North,9.0,22.3,0.237,Cash,Completed,4.0,0.0,153.13
10827,2024-01-26 06:24:19.216013,33.0,Sports,South,17.0,17.87,0.33,Debit Card,PENDING,5.0,0.0,203.54
10828,2024-01-27 04:19:24.970809,,Food,,11.0,45.93,0.343,,PENDING,1.0,0.0,331.94
10829,2024-01-28 02:14:30.725604,74.0,Clothing,North,10.0,3.55,0.185,PayPal,Completed,4.0,0.0,28.93
10830,2024-01-29 00:09:36.480400,28.0,Food,East,17.0,95.28,0.314,Cash,Completed,,0.0,1111.16
10831,2024-01-29 22:04:42.235196,29.0,Clothing,West,4.0,252.71,0.379,Cash,Cancelled,2.0,1.0,627.73
10832,2024-01-30 19:59:47.989991,27.0,Clothing,East,16.0,23.96,0.11,Credit Card,PENDING,,0.0,341.19
10833,2024-01-31 17:54:53.744787,49.0,Home,East,15.0,23.4,0.159,crypto,Refunded,3.0,1.0,295.19
10834,2024-02-01 15:49:59.499582,,Electronics,North,5.0,39.98,0.373,Debit Card,Completed,5.0,0.0,125.34
10835,2024-02-02 13:45:05.254378,25.0,Toys,West,6.0,112.53,0.135,,completed,2.0,0.0,584.03
10836,2024-02-03 11:40:11.009174,55.0,Food,Central,17.0,22.44,0.366,Debit Card,PENDING,5.0,0.0,241.86
10837,2024-02-04 09:35:16.763969,29.0,Toys,North,1.0,101.57,0.392,Credit Card,Completed,1.0,1.0,61.75
10838,2024-02-05 07:30:22.518765,41.0,Food,North,19.0,59.51,,crypto,Refunded,4.0,0.0,831.06
10839,2024-02-06 05:25:28.273561,45.0,Home,West,4.0,563.37,0.327,Credit Card,Cancelled,2.0,0.0,1516.59
10840,2024-02-07 03:20:34.028356,70.0,Sports,West,17.0,22.32,0.3,Debit Card,PENDING,3.0,0.0,265.61
10841,2024-02-08 01:15:39.783152,25.0,Toys,East,9.0,3.09,0.28,Cash,Completed,1.0,1.0,20.02
10842,2024-02-08 23:10:45.537948,45.0,Sports,West,2.0,5.93,0.123,Debit Card,Completed,1.0,0.0,10.4
10843,2024-02-09 21:05:51.292743,53.0,Beauty,East,8.0,33.59,0.023,PayPal,completed,5.0,0.0,262.54
10844,2024-02-10 19:00:57.047539,43.0,Electronics,North,15.0,113.69,0.137,PayPal,completed,1.0,1.0,1471.72
10845,2024-02-11 16:56:02.802335,25.0,Electronics,,7.0,15.13,0.267,PayPal,PENDING,2.0,1.0,77.63
10846,2024-02-12 14:51:08.557130,67.0,Books,Central,6.0,7224.526022116206,0.041,PayPal,Completed,5.0,0.0,144.43
10847,2024-02-13 12:46:14.311926,45.0,Home,North,1.0,75.32,0.005,crypto,PENDING,1.0,0.0,74.94
10848,2024-02-14 10:41:20.066722,45.0,Sports,West,15.0,10.4,0.056,Cash,Completed,3.0,0.0,147.26
10849,2024-02-15 08:36:25.821517,54.0,Clothing,Central,7.0,15.9,0.286,Cash,completed,,0.0,79.47
10850,2024-02-16 06:31:31.576313,,Food,South,17.0,8.16,0.389,Debit Card,Refunded,2.0,1.0,84.76
10851,2024-02-17 04:26:37.331109,53.0,Electronics,South,2.0,136.17,0.393,Credit Card,Pending,3.0,0.0,165.31
10852,2024-02-18 02:21:43.085904,44.0,Toys,,9.0,210.61,0.198,Debit Card,Pending,3.0,1.0,1520.18
10853,2024-02-19 00:16:48.840700,71.0,Food,Central,9.0,4.98,0.348,,Completed,5.0,0.0,29.22
10854,2024-02-19 22:11:54.595496,34.0,Food,,13.0,27.92,0.295,Debit Card,completed,4.0,0.0,255.89
10855,2024-02-20 20:07:00.350291,26.0,Books,North,6.0,179.24,0.2,Debit Card,Cancelled,5.0,0.0,860.35
10856,2024-02-21 18:02:06.105087,,Sports,Central,6.0,17830.04195453472,0.229,Cash,Cancelled,2.0,,247.17
10857,2024-02-22 15:57:11.859883,70.0,Electronics,North,3.0,18.41,0.055,Credit Card,Pending,2.0,0.0,52.19
10858,2024-02-23 13:52:17.614678,37.0,Food,East,17.0,5.18,0.375,Debit Card,Refunded,5.0,0.0,55.04
10859,2024-02-24 11:47:23.369474,30.0,Electronics,Central,17.0,132.1,,Cash,Pending,4.0,0.0,1929.06
10860,2024-02-25 09:42:29.124270,45.0,Clothing,East,12.0,51.04,0.178,Debit Card,Completed,5.0,,503.46
10861,2024-02-26 07:37:34.879065,65.0,Books,Central,16.0,5.65,0.269,PayPal,Refunded,2.0,1.0,66.08
10862,2024-02-27 05:32:40.633861,46.0,Clothing,East,15.0,138.08,0.134,Debit Card,Cancelled,4.0,0.0,1793.66
10863,2024-02-28 03:27:46.388657,30.0,Electronics,South,13.0,4.85,0.102,Debit Card,completed,2.0,0.0,56.62
10864,2024-02-29 01:22:52.143452,63.0,Beauty,East,1.0,25.42,0.252,crypto,completed,4.0,1.0,19.01
10865,2024-02-29 23:17:57.898248,52.0,Toys,South,17.0,24.11,0.01,PayPal,Completed,4.0,1.0,405.77
10866,2024-03-01 21:13:03.653044,23.0,Electronics,East,3.0,230.92,0.288,Credit Card,Pending,5.0,0.0,493.25
10867,2024-03-02 19:08:09.407839,35.0,Sports,Central,15.0,24.21,0.206,Debit Card,Completed,5.0,0.0,288.34
10868,2024-03-03 17:03:15.162635,68.0,Food,Central,4.0,24.11,0.242,Credit Card,completed,5.0,0.0,73.1
10869,2024-03-04 14:58:20.917431,22.0,Food,Central,4.0,6.45,0.253,PayPal,Cancelled,4.0,0.0,19.27
10870,2024-03-05 12:53:26.672226,64.0,Clothing,West,18.0,15.36,0.211,Debit Card,completed,4.0,1.0,218.14
10871,2024-03-06 10:48:32.427022,42.0,Toys,North,17.0,12.42,0.233,crypto,Refunded,2.0,0.0,161.94
10872,2024-03-07 08:43:38.181818,,Books,Central,19.0,13.22,,Cash,PENDING,3.0,0.0,182.36
10873,2024-03-08 06:38:43.936613,27.0,Beauty,South,11.0,33.37,0.301,crypto,completed,5.0,0.0,256.58
10874,2024-03-09 04:33:49.691409,73.0,Home,Central,3.0,1.78,0.291,crypto,completed,,1.0,3.79
10875,2024-03-10 02:28:55.446205,47.0,Toys,West,8.0,5.41,0.348,Cash,PENDING,2.0,0.0,28.22
10876,2024-03-11 00:24:01.201000,67.0,Food,South,14.0,28.98,,Cash,Refunded,2.0,0.0,374.89
10877,2024-03-11 22:19:06.955796,62.0,Sports,West,1.0,38.3,0.16,Cash,Pending,1.0,0.0,32.17
10878,2024-03-12 20:14:12.710592,22.0,Toys,South,14.0,25.03,0.379,Debit Card,completed,5.0,0.0,217.61
10879,2024-03-13 18:09:18.465387,72.0,Clothing,East,2.0,31.53,,Credit Card,Completed,2.0,0.0,53.03
10880,2024-03-14 16:04:24.220183,73.0,Clothing,North,4.0,20.27,0.05,Credit Card,completed,1.0,1.0,77.03
10881,2024-03-15 13:59:29.974979,50.0,Home,North,19.0,32.39,0.21,Cash,Completed,,0.0,486.17
10882,2024-03-16 11:54:35.729774,71.0,Sports,West,6.0,55.76,0.044,crypto,Refunded,,0.0,319.84
10883,2024-03-17 09:49:41.484570,18.0,Books,North,1.0,55.29,0.081,PayPal,completed,5.0,0.0,50.81
10884,2024-03-18 07:44:47.239366,35.0,Toys,West,17.0,14.49,0.399,Cash,Refunded,4.0,0.0,148.04
10885,2024-03-19 05:39:52.994161,49.0,Sports,West,8.0,99.3,0.217,crypto,Refunded,1.0,0.0,622.02
10886,2024-03-20 03:34:58.748957,64.0,Books,,19.0,39.99,0.114,crypto,Pending,4.0,0.0,673.19
10887,2024-03-21 01:30:04.503753,66.0,Sports,North,1.0,145.28,,Debit Card,completed,,0.0,87.46
10888,2024-03-21 23:25:10.258548,28.0,Sports,West,5.0,184.83,0.387,Debit Card,Completed,,0.0,566.5
10889,2024-03-22 21:20:16.013344,38.0,Electronics,North,16.0,5.86,0.176,,Completed,3.0,1.0,77.26
10890,2024-03-23 19:15:21.768140,43.0,Clothing,West,6.0,11.81,0.104,Credit Card,completed,3.0,0.0,63.49
10891,2024-03-24 17:10:27.522935,42.0,Toys,Central,8.0,87.91,0.335,PayPal,PENDING,3.0,0.0,467.68
10892,2024-03-25 15:05:33.277731,39.0,Sports,West,13.0,4.49,0.286,PayPal,Pending,3.0,0.0,41.68
10893,2024-03-26 13:00:39.032527,44.0,Toys,South,16.0,182.04,0.275,PayPal,Pending,2.0,1.0,2111.66
10894,2024-03-27 10:55:44.787322,66.0,Home,West,3.0,21.92,0.357,PayPal,Pending,3.0,0.0,42.28
10895,2024-03-28 08:50:50.542118,30.0,Sports,East,19.0,66.03,0.276,crypto,Completed,2.0,1.0,908.31
10896,2024-03-29 06:45:56.296914,50.0,Food,West,12.0,28.8,0.114,crypto,Refunded,2.0,0.0,306.2
10897,2024-03-30 04:41:02.051709,51.0,Clothing,South,16.0,6.23,0.278,Credit Card,PENDING,5.0,1.0,71.97
10898,2024-03-31 02:36:07.806505,58.0,Food,South,11.0,117.53,0.122,Debit Card,Pending,2.0,0.0,1135.1
10899,2024-04-01 00:31:13.561301,52.0,Toys,North,10.0,898.63,0.304,Debit Card,Completed,2.0,0.0,6254.46
10900,2024-04-01 22:26:19.316096,18.0,Toys,Central,4.0,17.85,0.248,Cash,Completed,3.0,0.0,53.69
10901,2024-04-02 20:21:25.070892,38.0,Clothing,West,12.0,22.49,0.031,crypto,Refunded,2.0,0.0,261.51
10902,2024-04-03 18:16:30.825688,65.0,Toys,North,2.0,1.38,0.205,,completed,4.0,,2.19
10903,2024-04-04 16:11:36.580483,72.0,Food,Central,19.0,167.64,0.137,PayPal,completed,3.0,0.0,2748.79
10904,2024-04-05 14:06:42.335279,23.0,Sports,West,5.0,98.9,,Cash,Pending,1.0,,429.72
10905,2024-04-06 12:01:48.090075,45.0,Sports,East,8.0,4.14,0.241,Debit Card,Pending,3.0,0.0,25.14
10906,2024-04-07 09:56:53.844870,34.0,Electronics,West,7.0,2.78,0.129,PayPal,PENDING,2.0,0.0,16.95
10907,2024-04-08 07:51:59.599666,22.0,Home,South,14.0,3.19,0.311,Debit Card,Refunded,4.0,0.0,30.77
10908,2024-04-09 05:47:05.354462,48.0,Toys,South,3.0,71.82,0.028,Cash,Pending,3.0,0.0,209.43
10909,2024-04-10 03:42:11.109257,22.0,Food,East,18.0,80.96,0.264,,Refunded,4.0,,1072.56
10910,2024-04-11 01:37:16.864053,55.0,Toys,North,16.0,10.94,0.324,Debit Card,Completed,1.0,0.0,118.33
10911,2024-04-11 23:32:22.618849,20.0,Toys,Central,19.0,60.29,0.269,Debit Card,Pending,,0.0,837.37
10912,2024-04-12 21:27:28.373644,70.0,Books,West,19.0,40.07,0.199,PayPal,Completed,1.0,,609.83
10913,2024-04-13 19:22:34.128440,40.0,Electronics,South,18.0,21.31,0.38,Credit Card,Cancelled,,0.0,237.82
10914,2024-04-14 17:17:39.883236,54.0,Food,North,16.0,106.08,0.12,,Refunded,5.0,0.0,1493.61
10915,2024-04-15 15:12:45.638031,70.0,Food,East,8.0,7.8,0.008,Debit Card,Cancelled,,0.0,61.9
10916,2024-04-16 13:07:51.392827,54.0,Toys,South,1.0,131.24,0.173,Debit Card,Pending,5.0,0.0,108.54
10917,2024-04-17 11:02:57.147623,27.0,Electronics,East,17.0,13.82,0.013,Debit Card,Completed,3.0,0.0,231.89
10918,2024-04-18 08:58:02.902418,,Sports,West,12.0,280.86,0.382,Credit Card,Pending,5.0,0.0,2082.86
10919,2024-04-19 06:53:08.657214,36.0,Food,Central,11.0,9.91,0.084,Cash,Cancelled,4.0,0.0,99.85
10920,2024-04-20 04:48:14.412010,34.0,Sports,South,5.0,21.72,0.316,PayPal,Pending,5.0,1.0,74.28
10921,2024-04-21 02:43:20.166805,38.0,Electronics,South,12.0,35.53,0.31,Credit Card,PENDING,4.0,0.0,294.19
10922,2024-04-22 00:38:25.921601,31.0,Sports,West,17.0,35.26,0.087,Debit Card,completed,,,547.27
10923,2024-04-22 22:33:31.676397,26.0,Clothing,North,6.0,59.68,0.248,Credit Card,Cancelled,,0.0,269.28
10924,2024-04-23 20:28:37.431192,63.0,Books,Central,1.0,7.08,0.019,Credit Card,Pending,,0.0,6.95
10925,2024-04-24 18:23:43.185988,18.0,Beauty,South,5.0,31.67,0.193,Credit Card,Completed,5.0,0.0,127.79
10926,2024-04-25 16:18:48.940783,68.0,Food,Central,14.0,39.09,0.006,Cash,Pending,,0.0,543.98
10927,2024-04-26 14:13:54.695579,62.0,Home,South,5.0,17.58,0.368,crypto,Completed,5.0,0.0,55.55
10928,2024-04-27 12:09:00.450375,30.0,Books,Central,1.0,53.78,0.39,PayPal,completed,5.0,1.0,32.81
10929,2024-04-28 10:04:06.205170,21.0,Beauty,East,18.0,6.58,0.089,Cash,Pending,2.0,1.0,107.9
10930,2024-04-29 07:59:11.959966,18.0,Sports,South,16.0,22.38,0.083,Cash,completed,2.0,0.0,328.36
10931,2024-04-30 05:54:17.714762,66.0,Food,Central,9.0,13.41,0.301,crypto,Cancelled,5.0,0.0,84.36
10932,2024-05-01 03:49:23.469557,57.0,Sports,North,19.0,22.46,0.101,Cash,Completed,4.0,0.0,383.64
10933,2024-05-02 01:44:29.224353,49.0,Clothing,East,5.0,188.0,0.358,Credit Card,PENDING,3.0,0.0,603.48
10934,2024-05-02 23:39:34.979149,51.0,Electronics,East,2.0,192.43,0.23,Credit Card,Cancelled,1.0,0.0,296.34
10935,2024-05-03 21:34:40.733944,45.0,Food,North,15.0,152.09,0.14,Debit Card,Completed,2.0,1.0,1961.96
10936,2024-05-04 19:29:46.488740,48.0,Beauty,Central,7.0,19.02,0.333,Cash,completed,5.0,0.0,88.8
10937,2024-05-05 17:24:52.243536,25.0,Beauty,West,4.0,98.41,,Debit Card,Refunded,1.0,,316.09
10938,2024-05-06 15:19:57.998331,56.0,Clothing,North,1.0,37.9,0.365,PayPal,Pending,2.0,0.0,24.07
10939,2024-05-07 13:15:03.753127,43.0,Clothing,Central,13.0,34.98,0.371,Credit Card,completed,3.0,0.0,286.03
10940,2024-05-08 11:10:09.507923,51.0,Toys,,7.0,30.18,0.066,PayPal,Completed,4.0,0.0,197.32
10941,2024-05-09 09:05:15.262718,71.0,Food,North,15.0,273.17,0.001,crypto,Completed,5.0,0.0,4093.45
10942,2024-05-10 07:00:21.017514,,Sports,South,14.0,170.55,0.394,Credit Card,Completed,3.0,0.0,1446.95
10943,2024-05-11 04:55:26.772310,20.0,Home,Central,19.0,80.95,0.362,PayPal,Completed,2.0,0.0,981.28
10944,2024-05-12 02:50:32.527105,67.0,Beauty,West,18.0,26.99,0.022,crypto,Pending,5.0,1.0,475.13
10945,2024-05-13 00:45:38.281901,29.0,Beauty,South,10.0,34.73,0.333,PayPal,Cancelled,1.0,1.0,231.65
10946,2024-05-13 22:40:44.036697,18.0,Clothing,North,9.0,62.59,0.183,crypto,PENDING,,0.0,460.22
10947,2024-05-14 20:35:49.791492,71.0,Books,North,8.0,17.71,0.104,crypto,Refunded,4.0,1.0,126.95
10948,2024-05-15 18:30:55.546288,61.0,Clothing,North,10.0,102.1,0.351,Credit Card,Pending,2.0,0.0,662.63
10949,2024-05-16 16:26:01.301084,22.0,Home,Central,17.0,10.96,,Debit Card,Completed,4.0,1.0,171.6
10950,2024-05-17 14:21:07.055879,47.0,Sports,Central,2.0,53.0,0.379,crypto,Pending,5.0,0.0,65.83
10951,2024-05-18 12:16:12.810675,47.0,Sports,South,6.0,2.12,0.082,crypto,completed,,0.0,11.68
10952,2024-05-19 10:11:18.565471,74.0,Books,West,5.0,17.1,0.245,Credit Card,PENDING,3.0,0.0,64.55
10953,2024-05-20 08:06:24.320266,34.0,Beauty,South,9.0,400.7,0.089,Debit Card,Completed,4.0,0.0,3285.34
10954,2024-05-21 06:01:30.075062,65.0,Clothing,East,5.0,114.83,0.218,,Refunded,1.0,0.0,448.99
10955,2024-05-22 03:56:35.829858,64.0,Toys,North,18.0,209.05,0.274,Cash,Completed,2.0,0.0,2731.87
10956,2024-05-23 01:51:41.584653,40.0,Sports,North,9.0,14.87,0.076,Debit Card,PENDING,1.0,0.0,123.66
10957,2024-05-23 23:46:47.339449,32.0,Home,North,17.0,37.51,0.208,PayPal,Refunded,4.0,0.0,505.03
10958,2024-05-24 21:41:53.094245,54.0,Food,South,17.0,154.22,0.188,Credit Card,PENDING,,0.0,2128.85
10959,2024-05-25 19:36:58.849040,38.0,Electronics,South,12.0,70.79,0.028,Debit Card,Refunded,3.0,0.0,825.69
10960,2024-05-26 17:32:04.603836,31.0,Electronics,North,7.0,60.96,0.327,Cash,Cancelled,3.0,0.0,287.18
10961,2024-05-27 15:27:10.358632,19.0,Electronics,South,3.0,234.32,0.134,,Cancelled,1.0,0.0,608.76
10962,2024-05-28 13:22:16.113427,28.0,Toys,Central,10.0,9.5,,Cash,Pending,5.0,1.0,73.15
10963,2024-05-29 11:17:21.868223,68.0,Beauty,,2.0,26.55,0.206,crypto,Pending,5.0,0.0,42.16
10964,2024-05-30 09:12:27.623019,56.0,Clothing,South,3.0,4.04,,Credit Card,Refunded,,0.0,9.64
10965,2024-05-31 07:07:33.377814,55.0,Books,North,16.0,8.9,0.043,,Completed,3.0,0.0,136.28
10966,2024-06-01 05:02:39.132610,51.0,Toys,South,2.0,120.18,0.169,Debit Card,completed,1.0,0.0,199.74
10967,2024-06-02 02:57:44.887406,55.0,Toys,South,10.0,11.01,0.181,crypto,completed,1.0,0.0,90.17
10968,2024-06-03 00:52:50.642201,67.0,Sports,South,6.0,80.05,0.293,PayPal,Completed,1.0,0.0,339.57
10969,2024-06-03 22:47:56.396997,51.0,Food,East,11.0,242.3,0.336,Debit Card,Completed,4.0,0.0,1769.76
10970,2024-06-04 20:43:02.151793,35.0,Toys,Central,7.0,26.75,0.218,Credit Card,Cancelled,,1.0,146.43
10971,2024-06-05 18:38:07.906588,47.0,Home,West,15.0,61.8,0.035,Debit Card,completed,5.0,0.0,894.56
10972,2024-06-06 16:33:13.661384,32.0,Food,West,6.0,80.8,0.095,PayPal,Refunded,5.0,1.0,438.74
10973,2024-06-07 14:28:19.416180,44.0,Home,,9.0,7.65,0.066,Credit Card,PENDING,4.0,0.0,64.31
10974,2024-06-08 12:23:25.170975,68.0,Beauty,South,12.0,15.8,0.05,Cash,Pending,2.0,0.0,180.12
10975,2024-06-09 10:18:30.925771,51.0,Clothing,East,19.0,9.93,0.146,PayPal,PENDING,4.0,0.0,161.12
10976,2024-06-10 08:13:36.680567,69.0,Electronics,,3.0,17.39,0.092,Credit Card,Cancelled,,0.0,47.37
10977,2024-06-11 06:08:42.435362,74.0,Toys,North,15.0,78.2,,crypto,completed,1.0,0.0,1070.95
10978,2024-06-12 04:03:48.190158,55.0,Clothing,Central,2.0,16.21,0.022,Debit Card,Completed,4.0,0.0,31.71
10979,2024-06-13 01:58:53.944954,50.0,Beauty,West,2.0,31.75,0.007,Credit Card,completed,1.0,0.0,63.06
10980,2024-06-13 23:53:59.699749,41.0,Books,South,3.0,9.48,0.041,Debit Card,Refunded,,,27.27
10981,2024-06-14 21:49:05.454545,32.0,Books,West,6.0,144.27,0.069,crypto,Cancelled,,,805.89
10982,2024-06-15 19:44:11.209341,47.0,Beauty,West,15.0,17.22,0.172,Credit Card,Completed,3.0,0.0,213.87
10983,2024-06-16 17:39:16.964136,72.0,Home,Central,10.0,205.94,0.204,,PENDING,1.0,,1639.28
10984,2024-06-17 15:34:22.718932,59.0,Sports,West,9.0,35.63,0.056,PayPal,Refunded,5.0,0.0,302.71
10985,2024-06-18 13:29:28.473728,68.0,Sports,West,1.0,6.12,0.17,,PENDING,4.0,0.0,5.08
10986,2024-06-19 11:24:34.228523,34.0,Home,East,16.0,26.97,0.137,,Pending,,0.0,372.4
10987,2024-06-20 09:19:39.983319,22.0,Books,Central,6.0,9.25,0.073,Credit Card,Cancelled,1.0,0.0,51.45
10988,2024-06-21 07:14:45.738115,46.0,Books,North,9.0,67.17,0.003,Debit Card,Refunded,2.0,0.0,602.72
10989,2024-06-22 05:09:51.492910,21.0,Toys,South,4.0,24.2,0.187,Credit Card,Refunded,3.0,,78.7
10990,2024-06-23 03:04:57.247706,27.0,Books,West,2.0,40.28,0.274,Cash,PENDING,2.0,0.0,58.49
10991,2024-06-24 01:00:03.002502,73.0,Clothing,South,4.0,21.26,0.091,Credit Card,Completed,,0.0,77.3
10992,2024-06-24 22:55:08.757297,34.0,Books,North,1.0,17.01,0.053,PayPal,Pending,2.0,1.0,16.11
10993,2024-06-25 20:50:14.512093,27.0,Food,South,19.0,10.29,0.355,Credit Card,PENDING,2.0,0.0,126.1
10994,2024-06-26 18:45:20.266889,34.0,Toys,North,10.0,90.33,0.11,,Refunded,3.0,0.0,803.94
10995,2024-06-27 16:40:26.021684,37.0,Electronics,East,15.0,26.9,0.089,Credit Card,Cancelled,3.0,0.0,367.59
10996,2024-06-28 14:35:31.776480,41.0,Books,West,19.0,22.7,0.343,Cash,Refunded,3.0,0.0,283.36
10997,2024-06-29 12:30:37.531276,22.0,Home,,16.0,26.11,0.327,crypto,completed,3.0,0.0,281.15
10998,2024-06-30 10:25:43.286071,51.0,Electronics,South,4.0,14.66,,Credit Card,Cancelled,2.0,0.0,48.14
10999,2024-07-01 08:20:49.040867,23.0,Clothing,West,2.0,22.79,0.196,Credit Card,Cancelled,5.0,0.0,36.65
11000,2024-07-02 06:15:54.795663,70.0,Home,East,13.0,42.38,0.087,PayPal,Refunded,5.0,,503.01
11001,2024-07-03 04:11:00.550458,19.0,Electronics,West,1.0,9.57,0.031,Cash,Completed,3.0,1.0,9.27
11002,2024-07-04 02:06:06.305254,30.0,Home,North,17.0,11.39,0.229,crypto,Cancelled,4.0,0.0,149.29
11003,2024-07-05 00:01:12.060050,60.0,Clothing,East,13.0,173.11,0.039,Debit Card,completed,1.0,0.0,2162.66
11004,2024-07-05 21:56:17.814845,60.0,Toys,South,4.0,21.43,0.18,Credit Card,PENDING,,0.0,70.29
11005,2024-07-06 19:51:23.569641,65.0,Food,East,7.0,17.08,0.376,,Completed,4.0,,74.61
11006,2024-07-07 17:46:29.324437,28.0,Clothing,East,17.0,6.6,0.381,Debit Card,Completed,,0.0,69.45
11007,2024-07-08 15:41:35.079232,68.0,Clothing,Central,9.0,91.91,0.096,Cash,Completed,4.0,0.0,747.78
11008,2024-07-09 13:36:40.834028,64.0,Home,East,4.0,9.33,0.25,Cash,Cancelled,4.0,1.0,27.99
11009,2024-07-10 11:31:46.588824,74.0,Toys,East,19.0,32.51,0.19,crypto,Completed,5.0,,500.33
11010,2024-07-11 09:26:52.343619,40.0,Beauty,West,1.0,4.26,0.35,Debit Card,Refunded,1.0,0.0,2.77
11011,2024-07-12 07:21:58.098415,72.0,Sports,South,10.0,88.39,0.109,Cash,Completed,4.0,0.0,787.55
11012,2024-07-13 05:17:03.853211,33.0,Books,West,4.0,135.94,,,completed,3.0,0.0,543.22
11013,2024-07-14 03:12:09.608006,48.0,Books,West,9.0,59.23,0.065,Cash,Pending,,0.0,498.42
11014,2024-07-15 01:07:15.362802,28.0,Food,North,13.0,5.25,0.14,Cash,completed,5.0,0.0,58.7
11015,2024-07-15 23:02:21.117598,71.0,Food,West,14.0,90.61,0.126,,Cancelled,,0.0,1108.7
11016,2024-07-16 20:57:26.872393,33.0,Books,Central,10.0,12.27,0.317,PayPal,Completed,3.0,0.0,83.8
11017,2024-07-17 18:52:32.627189,25.0,Sports,Central,6.0,8.12,0.272,Debit Card,Completed,3.0,0.0,35.47
11018,2024-07-18 16:47:38.381984,21.0,Books,North,16.0,20.9,0.12,crypto,Refunded,4.0,0.0,294.27
11019,2024-07-19 14:42:44.136780,57.0,Beauty,South,6.0,20.41,0.183,crypto,PENDING,3.0,0.0,100.05
11020,2024-07-20 12:37:49.891576,21.0,Sports,South,17.0,18.06,0.038,Debit Card,Completed,1.0,0.0,295.35
11021,2024-07-21 10:32:55.646371,73.0,Food,West,10.0,152.69,0.359,Debit Card,completed,3.0,1.0,978.74
11022,2024-07-22 08:28:01.401167,42.0,Electronics,West,18.0,370.25,,Debit Card,Cancelled,4.0,0.0,4171.98
11023,2024-07-23 06:23:07.155963,20.0,Home,West,18.0,6.4,0.392,,Pending,,0.0,70.04
11024,2024-07-24 04:18:12.910758,49.0,Beauty,South,3.0,14.49,0.347,Credit Card,Completed,3.0,0.0,28.39
11025,2024-07-25 02:13:18.665554,20.0,Beauty,East,15.0,39.3,0.07,crypto,Pending,5.0,0.0,548.24
11026,2024-07-26 00:08:24.420350,44.0,Toys,Central,15.0,20.77,0.018,Credit Card,Completed,5.0,0.0,305.94
11027,2024-07-26 22:03:30.175145,46.0,Food,East,4.0,53.48,0.232,Cash,Cancelled,5.0,1.0,164.29
11028,2024-07-27 19:58:35.929941,49.0,Food,East,9.0,99.4,0.365,Cash,PENDING,,0.0,568.07
11029,2024-07-28 17:53:41.684737,67.0,Clothing,South,19.0,81.39,0.071,crypto,completed,2.0,1.0,1436.61
11030,2024-07-29 15:48:47.439532,68.0,Beauty,East,17.0,68.83,,Cash,Cancelled,5.0,0.0,1166.6
11031,2024-07-30 13:43:53.194328,36.0,Clothing,North,11.0,242.48,,Debit Card,Pending,5.0,0.0,1808.42
11032,2024-07-31 11:38:58.949124,,Clothing,West,9.0,4.92,0.031,Credit Card,Completed,2.0,,42.91
11033,2024-08-01 09:34:04.703919,22.0,Home,North,10.0,195.61,0.165,Debit Card,Pending,,0.0,1633.34
11034,2024-08-02 07:29:10.458715,35.0,Clothing,Central,18.0,20.17,0.272,Cash,completed,5.0,0.0,264.31
11035,2024-08-03 05:24:16.213511,45.0,Sports,West,13.0,84.96,0.095,Credit Card,Cancelled,4.0,0.0,999.55
11036,2024-08-04 03:19:21.968306,59.0,Books,East,8.0,9.63,0.034,Debit Card,Pending,,0.0,74.42
11037,2024-08-05 01:14:27.723102,39.0,Electronics,Central,7.0,11.13,0.308,crypto,Pending,5.0,1.0,53.91
11038,2024-08-05 23:09:33.477898,38.0,Food,West,17.0,73.3,,Debit Card,completed,5.0,1.0,932.08
11039,2024-08-06 21:04:39.232693,23.0,Sports,East,15.0,3.27,0.395,Cash,Completed,2.0,1.0,29.68
11040,2024-08-07 18:59:44.987489,18.0,Electronics,North,15.0,108.56,0.138,Credit Card,Pending,4.0,0.0,1403.68
11041,2024-08-08 16:54:50.742285,22.0,Beauty,West,1.0,150.2,0.025,crypto,completed,,0.0,146.44
11042,2024-08-09 14:49:56.497080,58.0,Beauty,East,14.0,40.99,0.294,Credit Card,Completed,3.0,0.0,405.15
11043,2024-08-10 12:45:02.251876,29.0,Beauty,North,5.0,39.26,0.209,crypto,PENDING,1.0,1.0,155.27
11044,2024-08-11 10:40:08.006672,,Sports,Central,11.0,12.18,0.085,Credit Card,Completed,4.0,0.0,122.59
11045,2024-08-12 08:35:13.761467,63.0,Sports,Central,16.0,74.39,0.313,Cash,PENDING,3.0,0.0,817.69
11046,2024-08-13 06:30:19.516263,51.0,Food,Central,2.0,50.26,,crypto,Cancelled,4.0,1.0,92.28
11047,2024-08-14 04:25:25.271059,66.0,Books,,8.0,10.96,0.104,PayPal,completed,3.0,0.0,78.56
11048,2024-08-15 02:20:31.025854,31.0,Toys,South,11.0,20.7,0.037,Credit Card,Completed,3.0,0.0,219.28
11049,2024-08-16 00:15:36.780650,43.0,Clothing,West,18.0,27.35,0.16,Credit Card,PENDING,4.0,1.0,413.53
11050,2024-08-16 22:10:42.535446,62.0,Beauty,West,3.0,20.67,0.168,Debit Card,PENDING,2.0,0.0,51.59
11051,2024-08-17 20:05:48.290241,44.0,Home,South,1.0,6.45,0.206,crypto,Cancelled,4.0,0.0,5.12
11052,2024-08-18 18:00:54.045037,,Books,East,11.0,76.62,0.284,PayPal,Refunded,4.0,0.0,603.46
11053,2024-08-19 15:55:59.799833,43.0,Home,East,16.0,24.72,0.362,Cash,completed,3.0,0.0,252.34
11054,2024-08-20 13:51:05.554628,74.0,Food,Central,18.0,33.73,0.055,Debit Card,Refunded,1.0,1.0,573.75
11055,2024-08-21 11:46:11.309424,64.0,Food,North,16.0,16.54,0.022,PayPal,Completed,3.0,0.0,258.82
11056,2024-08-22 09:41:17.064220,74.0,Food,East,10.0,58.58,0.007,crypto,completed,5.0,0.0,581.7
11057,2024-08-23 07:36:22.819015,39.0,Electronics,North,18.0,42.03,0.057,PayPal,Cancelled,4.0,0.0,713.42
11058,2024-08-24 05:31:28.573811,64.0,Home,West,6.0,141.93,,,Completed,,,627.61
11059,2024-08-25 03:26:34.328607,73.0,Books,North,19.0,58.95,0.291,Credit Card,completed,4.0,0.0,794.12
11060,2024-08-26 01:21:40.083402,47.0,Toys,West,4.0,25.97,0.315,Debit Card,completed,2.0,0.0,71.16
11061,2024-08-26 23:16:45.838198,60.0,Books,,13.0,13.63,0.097,crypto,Refunded,,0.0,160.0
11062,2024-08-27 21:11:51.592994,65.0,Sports,South,14.0,93.61,0.122,crypto,Completed,3.0,0.0,1150.65
11063,2024-08-28 19:06:57.347789,34.0,Sports,,3.0,23.59,0.193,PayPal,Cancelled,2.0,0.0,57.11
11064,2024-08-29 17:02:03.102585,43.0,Beauty,East,10.0,26.95,0.025,Debit Card,Cancelled,4.0,0.0,262.76
11065,2024-08-30 14:57:08.857381,53.0,Toys,Central,6.0,26.94,0.244,crypto,Completed,3.0,0.0,122.2
11066,2024-08-31 12:52:14.612176,18.0,Sports,West,1.0,20.45,0.393,Credit Card,Completed,3.0,0.0,12.41
11067,2024-09-01 10:47:20.366972,25.0,Food,Central,14.0,27.51,0.144,PayPal,PENDING,5.0,1.0,329.68
11068,2024-09-02 08:42:26.121768,66.0,Books,North,8.0,334.1,0.301,Cash,Pending,5.0,0.0,1868.29
11069,2024-09-03 06:37:31.876563,52.0,Home,West,19.0,9.42,0.2,Credit Card,Refunded,1.0,0.0,143.18
11070,2024-09-04 04:32:37.631359,69.0,Food,South,14.0,12.46,0.051,Debit Card,Completed,5.0,0.0,165.54
11071,2024-09-05 02:27:43.386155,32.0,Electronics,East,10.0,174.37,0.233,crypto,Completed,,1.0,1337.42
11072,2024-09-06 00:22:49.140950,64.0,Sports,West,17.0,21.12,0.12,Credit Card,Pending,3.0,1.0,315.96
11073,2024-09-06 22:17:54.895746,73.0,Food,West,9.0,19.28,0.014,Cash,Pending,5.0,0.0,171.09
11074,2024-09-07 20:13:00.650542,39.0,Food,,6.0,114.64,0.254,Cash,completed,1.0,,513.13
11075,2024-09-08 18:08:06.405337,31.0,Electronics,East,11.0,6.02,0.344,Debit Card,Cancelled,4.0,0.0,43.44
11076,2024-09-09 16:03:12.160133,43.0,Clothing,South,7.0,88.74,0.138,Credit Card,Refunded,,0.0,535.46
11077,2024-09-10 13:58:17.914929,45.0,Books,West,17.0,34.98,0.156,PayPal,completed,5.0,0.0,501.89
11078,2024-09-11 11:53:23.669724,40.0,Home,West,1.0,57.84,0.356,Credit Card,Completed,3.0,,37.25
11079,2024-09-12 09:48:29.424520,31.0,Beauty,,5.0,56.56,0.325,Cash,Pending,4.0,0.0,190.89
11080,2024-09-13 07:43:35.179316,41.0,Clothing,Central,9.0,15.59,0.286,Debit Card,PENDING,3.0,1.0,100.18
11081,2024-09-14 05:38:40.934111,19.0,Sports,South,18.0,116.91,0.1,Debit Card,Cancelled,4.0,0.0,1893.94
11082,2024-09-15 03:33:46.688907,62.0,Food,East,2.0,17.11,0.364,PayPal,completed,,0.0,21.76
11083,2024-09-16 01:28:52.443703,43.0,Toys,West,11.0,54.09,,Debit Card,PENDING,3.0,0.0,558.1
11084,2024-09-16 23:23:58.198498,31.0,Electronics,West,6.0,146.24,0.251,Debit Card,Cancelled,5.0,1.0,657.2
11085,2024-09-17 21:19:03.953294,73.0,Electronics,South,8.0,173.24,0.012,Debit Card,PENDING,5.0,0.0,1369.29
11086,2024-09-18 19:14:09.708090,,Toys,Central,4.0,24.03,0.257,Debit Card,Pending,1.0,0.0,71.42
11087,2024-09-19 17:09:15.462885,24.0,Books,West,18.0,57.73,0.111,Debit Card,completed,4.0,0.0,923.8
11088,2024-09-20 15:04:21.217681,20.0,Clothing,South,11.0,21.51,0.18,Cash,completed,1.0,1.0,194.02
11089,2024-09-21 12:59:26.972477,64.0,Beauty,North,5.0,668.18,0.138,Credit Card,Cancelled,2.0,0.0,2879.86
11090,2024-09-22 10:54:32.727272,40.0,Books,Central,15.0,84.45,0.069,crypto,PENDING,5.0,0.0,1179.34
11091,2024-09-23 08:49:38.482068,63.0,Toys,East,18.0,36.63,0.249,,Pending,4.0,0.0,495.16
11092,2024-09-24 06:44:44.236864,60.0,Food,West,2.0,48.19,0.353,crypto,Completed,,,62.36
11093,2024-09-25 04:39:49.991659,64.0,Toys,South,11.0,53.98,0.384,crypto,completed,1.0,1.0,365.77
11094,2024-09-26 02:34:55.746455,62.0,Books,North,13.0,55.93,0.077,Cash,Completed,,1.0,671.1
11095,2024-09-27 00:30:01.501251,35.0,Home,East,4.0,24.83,0.287,Debit Card,Pending,,0.0,70.82
11096,2024-09-27 22:25:07.256046,55.0,Electronics,South,7.0,17374.077197260962,0.266,crypto,completed,,0.0,106.0
11097,2024-09-28 20:20:13.010842,52.0,Electronics,South,11.0,27.6,0.137,Debit Card,completed,1.0,,262.01
11098,2024-09-29 18:15:18.765638,68.0,Sports,East,4.0,8.43,0.008,PayPal,PENDING,2.0,0.0,33.45
11099,2024-09-30 16:10:24.520433,32.0,Sports,North,15.0,78.41,0.276,,Completed,1.0,0.0,851.53
11100,2024-10-01 14:05:30.275229,42.0,Toys,North,1.0,12.65,0.378,PayPal,PENDING,3.0,0.0,7.87
11101,2024-10-02 12:00:36.030025,72.0,Beauty,Central,3.0,9.28,0.253,crypto,Refunded,5.0,,20.8
11102,2024-10-03 09:55:41.784820,,Food,West,14.0,32.55,0.174,PayPal,Completed,1.0,0.0,376.41
11103,2024-10-04 07:50:47.539616,45.0,Home,East,6.0,28.33,0.21,Cash,Completed,1.0,0.0,134.28
11104,2024-10-05 05:45:53.294412,27.0,Clothing,,18.0,44.68,0.08,Cash,Refunded,2.0,1.0,739.9
11105,2024-10-06 03:40:59.049207,56.0,Books,East,1.0,16.75,0.3,crypto,Pending,3.0,0.0,11.72
11106,2024-10-07 01:36:04.804003,74.0,Beauty,North,6.0,20.68,0.299,Debit Card,Pending,1.0,0.0,86.98
11107,2024-10-07 23:31:10.558799,34.0,Food,West,6.0,75.99,0.058,Credit Card,completed,5.0,,429.5
11108,2024-10-08 21:26:16.313594,56.0,Sports,Central,16.0,70.63,,,Cancelled,5.0,,733.42
11109,2024-10-09 19:21:22.068390,39.0,Toys,,5.0,67.18,0.108,Debit Card,PENDING,1.0,1.0,299.62
11110,2024-10-10 17:16:27.823185,43.0,Books,South,17.0,34.49,0.393,Debit Card,Cancelled,,0.0,355.9
11111,2024-10-11 15:11:33.577981,61.0,Sports,East,10.0,40.56,0.153,Debit Card,completed,,0.0,343.54
11112,2024-10-12 13:06:39.332777,42.0,Toys,West,18.0,43.66,0.071,Credit Card,Cancelled,3.0,,730.08
11113,2024-10-13 11:01:45.087572,,Books,North,7.0,15.07,0.141,PayPal,Completed,5.0,0.0,90.62
11114,2024-10-14 08:56:50.842368,30.0,Clothing,West,3.0,194.19,0.176,Debit Card,Completed,,1.0,480.04
11115,2024-10-15 06:51:56.597164,37.0,Food,West,13.0,163.68,0.028,Cash,Refunded,5.0,,2068.26
11116,2024-10-16 04:47:02.351959,,Books,North,15.0,85.89,0.231,crypto,Refunded,3.0,0.0,990.74
11117,2024-10-17 02:42:08.106755,21.0,Home,East,19.0,19.87,0.239,crypto,completed,3.0,1.0,287.3
11118,2024-10-18 00:37:13.861551,27.0,Beauty,West,3.0,63.24,0.296,,completed,,1.0,133.56
11119,2024-10-18 22:32:19.616346,20.0,Electronics,South,4.0,107.13,,Debit Card,completed,1.0,0.0,423.38
11120,2024-10-19 20:27:25.371142,58.0,Home,North,5.0,7.63,0.216,Credit Card,Completed,4.0,0.0,29.91
11121,2024-10-20 18:22:31.125938,62.0,Home,Central,1.0,253.01,0.021,PayPal,Cancelled,2.0,0.0,247.7
11122,2024-10-21 16:17:36.880733,35.0,Beauty,East,4.0,4.11,0.28,crypto,PENDING,4.0,0.0,11.84
11123,2024-10-22 14:12:42.635529,64.0,Electronics,North,12.0,77.13,0.022,PayPal,completed,4.0,0.0,905.2
11124,2024-10-23 12:07:48.390325,,Home,Central,10.0,189.41,0.365,Credit Card,completed,5.0,0.0,1202.75
11125,2024-10-24 10:02:54.145120,,Books,Central,13.0,28.91,0.281,,Completed,3.0,1.0,270.22
11126,2024-10-25 07:57:59.899916,39.0,Books,West,14.0,27.64,0.203,PayPal,PENDING,5.0,,308.41
11127,2024-10-26 05:53:05.654712,51.0,Books,West,5.0,73.79,0.177,Credit Card,Completed,,0.0,303.65
11128,2024-10-27 03:48:11.409507,64.0,Electronics,West,4.0,305.59,0.052,PayPal,PENDING,2.0,0.0,1158.8
11129,2024-10-28 01:43:17.164303,25.0,Home,North,14.0,23.63,0.116,Debit Card,Completed,,0.0,292.44
11130,2024-10-28 23:38:22.919099,57.0,Toys,,10.0,12.97,0.348,Credit Card,Cancelled,1.0,,84.56
11131,2024-10-29 21:33:28.673894,66.0,Electronics,East,17.0,19.91,0.362,PayPal,completed,2.0,0.0,215.94
11132,2024-10-30 19:28:34.428690,61.0,Books,West,10.0,5.14,0.0,Debit Card,Pending,5.0,0.0,51.4
11133,2024-10-31 17:23:40.183486,36.0,Beauty,Central,7.0,97.25,0.238,Debit Card,Pending,5.0,,518.73
11134,2024-11-01 15:18:45.938281,59.0,Home,South,16.0,17.87,0.288,Credit Card,completed,,0.0,203.58
11135,2024-11-02 13:13:51.693077,58.0,Home,East,1.0,25.79,0.247,,completed,5.0,,19.42
11136,2024-11-03 11:08:57.447873,54.0,Sports,North,17.0,98.65,,crypto,completed,5.0,,1621.71
11137,2024-11-04 09:04:03.202668,23.0,Sports,East,9.0,21.07,0.087,Credit Card,completed,4.0,,173.13
11138,2024-11-05 06:59:08.957464,,Clothing,East,6.0,82.34,,Debit Card,PENDING,1.0,0.0,444.64
11139,2024-11-06 04:54:14.712260,43.0,Toys,East,19.0,9.53,0.333,Debit Card,Cancelled,4.0,0.0,120.77
11140,2024-11-07 02:49:20.467055,51.0,Toys,East,13.0,104.63,0.185,Credit Card,Pending,5.0,1.0,1108.55
11141,2024-11-08 00:44:26.221851,73.0,Food,South,3.0,49.91,0.195,Cash,Refunded,3.0,0.0,120.53
11142,2024-11-08 22:39:31.976647,62.0,Toys,West,7.0,29.78,0.374,crypto,Pending,4.0,0.0,130.5
11143,2024-11-09 20:34:37.731442,23.0,Sports,Central,9.0,38.75,0.255,PayPal,Pending,5.0,0.0,259.82
11144,2024-11-10 18:29:43.486238,54.0,Electronics,East,5.0,7.07,0.359,Credit Card,Completed,5.0,0.0,22.66
11145,2024-11-11 16:24:49.241034,74.0,Toys,East,10.0,37.7,0.183,crypto,completed,1.0,0.0,308.01
11146,2024-11-12 14:19:54.995829,50.0,Sports,,17.0,27.94,0.06,crypto,completed,,0.0,446.48
11147,2024-11-13 12:15:00.750625,70.0,Clothing,West,12.0,7.31,0.372,Debit Card,completed,2.0,0.0,55.09
11148,2024-11-14 10:10:06.505421,39.0,Home,,16.0,14.8,0.183,PayPal,Completed,4.0,0.0,193.47
11149,2024-11-15 08:05:12.260216,38.0,Toys,North,3.0,28.36,0.073,Credit Card,Cancelled,4.0,0.0,78.87
11150,2024-11-16 06:00:18.015012,23.0,Clothing,South,9.0,15.98,0.121,Debit Card,Cancelled,4.0,0.0,126.42
11151,2024-11-17 03:55:23.769808,23.0,Home,North,15.0,1.83,0.02,Debit Card,Refunded,5.0,0.0,26.9
11152,2024-11-18 01:50:29.524603,,Beauty,East,5.0,120.5,0.187,Cash,Cancelled,1.0,0.0,489.83
11153,2024-11-18 23:45:35.279399,65.0,Beauty,East,13.0,27.92,0.341,crypto,Cancelled,5.0,0.0,239.19
11154,2024-11-19 21:40:41.034195,21.0,Home,East,14.0,2.16,0.373,Credit Card,completed,5.0,0.0,18.96
11155,2024-11-20 19:35:46.788990,47.0,Toys,South,15.0,429.21,0.373,Credit Card,PENDING,,0.0,4036.72
11156,2024-11-21 17:30:52.543786,28.0,Food,East,16.0,146.89,0.05,Credit Card,Pending,3.0,0.0,2232.73
11157,2024-11-22 15:25:58.298582,47.0,Sports,North,13.0,21.78,0.153,Debit Card,Cancelled,1.0,0.0,239.82
11158,2024-11-23 13:21:04.053377,48.0,Electronics,West,17.0,12.05,0.011,Cash,Cancelled,4.0,0.0,202.6
11159,2024-11-24 11:16:09.808173,41.0,Electronics,West,8.0,53.72,0.342,PayPal,Completed,2.0,1.0,282.78
11160,2024-11-25 09:11:15.562969,72.0,Books,Central,2.0,42.22,0.144,Debit Card,Refunded,4.0,0.0,72.28
11161,2024-11-26 07:06:21.317764,26.0,Home,North,5.0,63.47,0.252,PayPal,PENDING,5.0,,237.38
11162,2024-11-27 05:01:27.072560,,Electronics,East,6.0,12.09,0.286,Cash,Completed,1.0,0.0,51.79
11163,2024-11-28 02:56:32.827356,20.0,Toys,West,12.0,123.63,0.172,crypto,completed,1.0,,1228.39
11164,2024-11-29 00:51:38.582151,68.0,Food,North,18.0,18.76,0.123,Credit Card,Pending,1.0,0.0,296.15
11165,2024-11-29 22:46:44.336947,48.0,Home,West,1.0,74.96,0.385,PayPal,Refunded,3.0,0.0,46.1
11166,2024-11-30 20:41:50.091743,57.0,Food,East,17.0,12.73,0.386,Debit Card,Completed,4.0,0.0,132.88
11167,2024-12-01 18:36:55.846538,54.0,Toys,West,11.0,794.55,0.116,PayPal,Cancelled,3.0,0.0,7726.2
11168,2024-12-02 16:32:01.601334,53.0,Electronics,Central,10.0,76.3,0.192,,Cancelled,,0.0,616.5
11169,2024-12-03 14:27:07.356130,41.0,Electronics,Central,19.0,1054.77,0.389,Credit Card,Refunded,2.0,0.0,12244.82
11170,2024-12-04 12:22:13.110925,48.0,Books,West,14.0,89.4,0.002,PayPal,Cancelled,,0.0,1249.1
11171,2024-12-05 10:17:18.865721,23.0,Electronics,North,10.0,16.88,,crypto,Completed,5.0,0.0,140.95
11172,2024-12-06 08:12:24.620517,19.0,Home,North,15.0,89.59,0.04,Debit Card,Completed,3.0,1.0,1290.1
11173,2024-12-07 06:07:30.375312,37.0,Toys,North,19.0,97.58,0.204,Cash,Cancelled,3.0,0.0,1475.8
11174,2024-12-08 04:02:36.130108,45.0,Beauty,,4.0,51.83,0.01,Debit Card,Cancelled,,,205.25
11175,2024-12-09 01:57:41.884904,28.0,Toys,North,2.0,70.56,0.163,Credit Card,completed,5.0,0.0,118.12
11176,2024-12-09 23:52:47.639699,21.0,Home,East,9.0,82.61,0.088,Debit Card,Pending,1.0,0.0,678.06
11177,2024-12-10 21:47:53.394495,32.0,Home,Central,10.0,10.05,0.213,Debit Card,Refunded,5.0,0.0,79.09
11178,2024-12-11 19:42:59.149291,23.0,Books,East,11.0,9.23,0.398,Debit Card,Completed,4.0,0.0,61.12
11179,2024-12-12 17:38:04.904086,,Books,North,14.0,12.77,0.32,Debit Card,Refunded,,0.0,121.57
11180,2024-12-13 15:33:10.658882,66.0,Electronics,East,7.0,38.59,0.338,Credit Card,completed,5.0,0.0,178.83
11181,2024-12-14 13:28:16.413678,47.0,Clothing,North,15.0,25.34,0.254,crypto,Completed,1.0,0.0,283.55
11182,2024-12-15 11:23:22.168473,73.0,Toys,West,19.0,10.27,0.017,,completed,5.0,,191.81
11183,2024-12-16 09:18:27.923269,55.0,Toys,East,15.0,83.96,,Cash,completed,3.0,0.0,1154.87
11184,2024-12-17 07:13:33.678065,68.0,Clothing,West,8.0,46.51,0.37,PayPal,PENDING,2.0,,234.41
11185,2024-12-18 05:08:39.432860,74.0,Books,West,11.0,40.56,0.146,PayPal,Cancelled,3.0,,381.02
11186,2024-12-19 03:03:45.187656,19.0,Electronics,South,9.0,24.3,0.041,Cash,PENDING,2.0,1.0,209.73
11187,2024-12-20 00:58:50.942452,,Clothing,North,15.0,21.03,0.281,Credit Card,Refunded,5.0,0.0,226.81
11188,2024-12-20 22:53:56.697247,28.0,Electronics,Central,1.0,12.07,0.12,Cash,Refunded,4.0,0.0,10.62
11189,2024-12-21 20:49:02.452043,25.0,Electronics,,1.0,101.54,0.108,Credit Card,Cancelled,5.0,0.0,90.57
11190,2024-12-22 18:44:08.206839,43.0,Electronics,Central,19.0,14.24,0.399,PayPal,PENDING,1.0,0.0,162.61
11191,2024-12-23 16:39:13.961634,68.0,Sports,North,3.0,42.58,0.343,Credit Card,Refunded,5.0,0.0,83.93
11192,2024-12-24 14:34:19.716430,62.0,Home,West,10.0,243.33,0.163,crypto,PENDING,2.0,0.0,2036.67
11193,2024-12-25 12:29:25.471226,61.0,Electronics,East,8.0,22.23,0.392,Cash,Cancelled,3.0,0.0,108.13
11194,2024-12-26 10:24:31.226021,22.0,Sports,East,15.0,104.88,0.26,crypto,Completed,4.0,0.0,1164.17
11195,2024-12-27 08:19:36.980817,,Books,South,10.0,65.53,0.297,,completed,5.0,1.0,460.68
11196,2024-12-28 06:14:42.735613,43.0,Clothing,Central,1.0,48.12,0.013,Cash,completed,5.0,0.0,47.49
11197,2024-12-29 04:09:48.490408,71.0,Home,Central,18.0,55.5,0.049,,PENDING,3.0,0.0,950.05
11198,2024-12-30 02:04:54.245204,21.0,Beauty,Central,2.0,29.55,0.253,crypto,Refunded,4.0,1.0,44.15
11199,2024-12-31 00:00:00.000000,36.0,Clothing,West,19.0,34.53,0.36,PayPal,PENDING,,0.0,419.88
10636,2023-08-04 20:01:00.050041,43.0,Books,North,5.0,58.06,0.37,PayPal,Refunded,5.0,0.0,182.89
10683,2023-09-16 18:10:30.525437,47.0,Books,South,8.0,23.0,0.124,Cash,Cancelled,,0.0,161.18
11033,2024-08-01 09:34:04.703919,22.0,Home,North,10.0,195.61,0.165,Debit Card,Pending,,0.0,1633.34
10190,2022-06-23 12:28:13.411175,59.0,Home,South,15.0,56.46,0.218,Debit Card,Refunded,,1.0,662.28
11083,2024-09-16 01:28:52.443703,43.0,Toys,West,11.0,54.09,,Debit Card,PENDING,3.0,0.0,558.1
10283,2022-09-16 10:52:08.607172,46.0,Toys,,7.0,40.64,0.288,crypto,Completed,4.0,1.0,202.55
10817,2024-01-17 03:13:21.668056,58.0,Sports,Central,4.0,4.26,0.206,crypto,completed,5.0,0.0,13.53
10314,2022-10-14 18:20:07.005838,,Beauty,East,13.0,15.43,0.025,PayPal,PENDING,3.0,0.0,195.58
10537,2023-05-06 10:06:30.325271,64.0,Food,South,13.0,51.15,0.008,Debit Card,Refunded,2.0,0.0,659.63
10664,2023-08-30 09:43:41.184320,52.0,Food,South,16.0,46.54,0.306,PayPal,completed,4.0,,516.78
10239,2022-08-07 06:27:55.396163,20.0,Home,Central,13.0,46.72,0.043,Debit Card,Pending,,0.0,581.24
10135,2022-05-04 06:57:56.897414,51.0,Books,North,19.0,8.23,0.144,crypto,Completed,5.0,1.0,133.85
10335,2022-11-02 22:37:07.856547,41.0,Clothing,North,3.0,26.76,0.153,Debit Card,Refunded,1.0,0.0,68.0
10189,2022-06-22 14:33:07.656380,19.0,Home,West,11.0,105.94,0.136,Cash,Completed,1.0,0.0,1006.85
10838,2024-02-05 07:30:22.518765,41.0,Food,North,19.0,59.51,,crypto,Refunded,4.0,0.0,831.06
10321,2022-10-21 03:45:47.289407,65.0,Food,South,17.0,68.63,0.19,Cash,PENDING,5.0,0.0,945.04
11146,2024-11-12 14:19:54.995829,50.0,Sports,,17.0,27.94,0.06,crypto,completed,,0.0,446.48
10228,2022-07-28 05:21:52.093411,49.0,Home,East,17.0,28.96,,PayPal,Cancelled,2.0,1.0,323.45
10480,2023-03-15 08:46:02.301918,45.0,Home,North,19.0,17.46,0.319,Cash,PENDING,2.0,0.0,225.91
11043,2024-08-10 12:45:02.251876,29.0,Beauty,North,5.0,39.26,0.209,crypto,PENDING,1.0,1.0,155.27
11006,2024-07-07 17:46:29.324437,28.0,Clothing,East,17.0,6.6,0.381,Debit Card,Completed,,0.0,69.45
10306,2022-10-07 10:59:20.967472,67.0,Books,West,19.0,74.0,0.29,Debit Card,Cancelled,,0.0,998.26
11092,2024-09-24 06:44:44.236864,60.0,Food,West,2.0,48.19,0.353,crypto,Completed,,,62.36
10568,2023-06-03 17:34:28.723936,63.0,Food,East,7.0,121.5,0.157,PayPal,Refunded,2.0,0.0,716.97
10220,2022-07-20 22:01:06.055045,54.0,Electronics,North,5.0,79.51,0.172,PayPal,Completed,2.0,0.0,329.17
10831,2024-01-29 22:04:42.235196,29.0,Clothing,West,4.0,252.71,0.379,Cash,Cancelled,2.0,1.0,627.73
10581,2023-06-15 14:30:43.536280,54.0,Sports,North,8.0,74.16,0.318,Cash,Refunded,4.0,0.0,404.62
10198,2022-06-30 19:48:59.449541,61.0,Clothing,East,16.0,40.33,0.186,crypto,Completed,3.0,1.0,525.26
10916,2024-04-16 13:07:51.392827,54.0,Toys,South,1.0,131.24,0.173,Debit Card,Pending,5.0,0.0,108.54
10455,2023-02-20 12:48:38.432026,65.0,Toys,West,15.0,5.31,0.11,,Cancelled,2.0,0.0,70.89
