employee_id,hire_date,department,job_level,employment_type,age,years_experience,education_level,base_salary,bonus_pct,performance_score,remote_days_per_week,training_hours,attrition
EMP0001,2015-01-01 00:00:00.000000,Marketing,Mid,Part-time,22.0,18.0,Bachelor,,,1.0,3.0,13.6,0
EMP0002,2015-01-04 07:45:09.008189,HR,Director,Contract,30.0,28.0,Bachelor,,0.144,4.0,3.0,3.3,0
EMP0003,2015-01-07 15:30:18.016378,Marketing,Director,Contract,50.0,18.0,Bachelor,50886.0,0.004,4.0,,2.5,0
EMP0004,2015-01-10 23:15:27.024567,Engineering,Director,Intern,31.0,29.0,bachelor,82297.0,0.035,4.0,2.0,36.5,0
EMP0005,2015-01-14 07:00:36.032757,Marketing,Director,Contract,63.0,29.0,Bachelor,82303.0,0.014,3.0,4.0,58.0,0
EMP0006,2015-01-17 14:45:45.040946,Engineering,Senior,Intern,60.0,25.0,,30440.0,0.175,4.0,0.0,60.8,1
EMP0007,2015-01-20 22:30:54.049135,Sales,Mid,Full-time,,14.0,phd,44990.0,0.266,4.0,0.0,28.3,0
EMP0008,2015-01-24 06:16:03.057324,Finance,Director,Part-time,27.0,26.0,PhD,66638.0,0.139,5.0,0.0,38.2,0
EMP0009,2015-01-27 14:01:12.065514,Operations,Lead,Part-time,,28.0,phd,37235.0,0.115,3.0,4.0,46.0,0
EMP0010,2015-01-30 21:46:21.073703,Finance,Mid,Full-time,64.0,27.0,bachelor,21012.0,0.2,3.0,4.0,0.1,0
EMP0011,2015-02-03 05:31:30.081892,Marketing,Junior,Intern,,3.0,Master,68182.0,0.012,4.0,0.0,7.0,1
EMP0012,2015-02-06 13:16:39.090081,IT,Director,Contract,51.0,15.0,High School,115659.0,0.286,,1.0,8.0,0
EMP0013,2015-02-09 21:01:48.098271,Legal,Senior,Part-time,34.0,4.0,Bachelor,26246.0,0.275,3.0,,1.2,0
EMP0014,2015-02-13 04:46:57.106460,HR,Manager,Part-time,53.0,19.0,MASTER,26508.0,0.049,,4.0,938.1662619067537,0
EMP0015,2015-02-16 12:32:06.114649,IT,Mid,Full-time,52.0,7.0,bachelor,59647.0,0.287,3.0,0.0,7.4,0
EMP0016,2015-02-19 20:17:15.122838,Marketing,Director,Intern,28.0,2.0,MASTER,163731.0,0.232,2.0,1.0,13.4,1
EMP0017,2015-02-23 04:02:24.131028,Marketing,Director,Contract,31.0,15.0,MASTER,78949.0,,4.0,0.0,1.9,0
EMP0018,2015-02-26 11:47:33.139217,Engineering,Mid,Contract,49.0,24.0,Bachelor,21959.0,0.176,2.0,,31.9,0
EMP0019,2015-03-01 19:32:42.147406,Operations,Lead,Contract,51.0,21.0,,39834.0,0.103,4.0,1.0,15.4,0
EMP0020,2015-03-05 03:17:51.155595,HR,Junior,Part-time,,3.0,bachelor,37228.0,0.184,,5.0,3.8,0
EMP0021,2015-03-08 11:03:00.163785,Legal,Lead,Full-time,,14.0,phd,,0.132,5.0,,7.3,0
EMP0022,2015-03-11 18:48:09.171974,HR,Senior,Contract,57.0,6.0,phd,42022.0,0.175,4.0,2.0,39.3,0
EMP0023,2015-03-15 02:33:18.180163,Finance,Director,Full-time,40.0,3.0,High School,26112.0,0.091,4.0,1.0,19.4,1
EMP0024,2015-03-18 10:18:27.188353,IT,Director,Intern,40.0,24.0,bachelor,,0.027,3.0,0.0,3.1,0
EMP0025,2015-03-21 18:03:36.196542,Sales,Lead,Part-time,40.0,27.0,phd,35183.0,0.148,3.0,3.0,5.1,0
EMP0026,2015-03-25 01:48:45.204731,Engineering,Mid,Part-time,40.0,13.0,MASTER,72857.0,0.014,4.0,0.0,16.0,0
EMP0027,2015-03-28 09:33:54.212920,Finance,Manager,Full-time,50.0,6.0,,27402.0,0.277,4.0,4.0,18.1,0
EMP0028,2015-03-31 17:19:03.221110,Engineering,Manager,Contract,40.0,10.0,High School,,0.073,4.0,4.0,15.9,0
EMP0029,2015-04-04 01:04:12.229299,Engineering,Lead,Intern,41.0,29.0,PhD,41459.0,0.114,2.0,4.0,24.8,0
EMP0030,2015-04-07 08:49:21.237488,Finance,Director,Full-time,42.0,24.0,PhD,19904.0,0.009,3.0,,16.6,1
EMP0031,2015-04-10 16:34:30.245677,Marketing,Manager,Contract,52.0,7.0,phd,54958.0,0.006,5.0,,26.4,0
EMP0032,2015-04-14 00:19:39.253867,HR,Lead,Contract,26.0,12.0,bachelor,19795.0,0.252,3.0,2.0,12.8,1
EMP0033,2015-04-17 08:04:48.262056,IT,Lead,Full-time,31.0,16.0,bachelor,45488.0,0.033,3.0,2.0,13.0,0
EMP0034,2015-04-20 15:49:57.270245,IT,Director,Full-time,55.0,8.0,PhD,78298.0,0.13,4.0,,17.9,0
EMP0035,2015-04-23 23:35:06.278434,Sales,Mid,Contract,55.0,18.0,Bachelor,25542.0,0.128,5.0,2.0,8.5,0
EMP0036,2015-04-27 07:20:15.286624,IT,Senior,Contract,59.0,26.0,phd,58006.0,0.084,3.0,4.0,12.1,0
EMP0037,2015-04-30 15:05:24.294813,HR,Director,Intern,39.0,7.0,Master,24416.0,0.262,5.0,5.0,9.4,0
EMP0038,2015-05-03 22:50:33.303002,Legal,Director,Contract,54.0,26.0,bachelor,26942.0,0.14,5.0,5.0,19.3,0
EMP0039,2015-05-07 06:35:42.311191,Operations,Manager,Full-time,56.0,7.0,phd,56307.0,,4.0,0.0,28.2,0
EMP0040,2015-05-10 14:20:51.319381,Legal,Mid,Full-time,51.0,27.0,Bachelor,32792.0,,4.0,1.0,46.4,0
EMP0041,2015-05-13 22:06:00.327570,Finance,Director,Intern,55.0,23.0,,56300.0,0.169,4.0,1.0,3.0,0
EMP0042,2015-05-17 05:51:09.335759,Finance,Director,Intern,62.0,21.0,phd,91169.0,0.088,5.0,,2.4,0
EMP0043,2015-05-20 13:36:18.343949,Marketing,Lead,Intern,,3.0,bachelor,32995.0,0.076,3.0,5.0,13.0,0
EMP0044,2015-05-23 21:21:27.352138,Legal,Senior,Intern,38.0,14.0,,27659.0,0.275,5.0,2.0,19.2,0
EMP0045,2015-05-27 05:06:36.360327,Marketing,Manager,Full-time,57.0,24.0,bachelor,31402.0,0.055,3.0,2.0,17.1,0
EMP0046,2015-05-30 12:51:45.368516,Marketing,Director,Contract,55.0,7.0,Master,20348.0,0.094,4.0,,31.4,0
EMP0047,2015-06-02 20:36:54.376706,Engineering,Lead,Part-time,,28.0,High School,,0.029,5.0,5.0,64.4,0
EMP0048,2015-06-06 04:22:03.384895,Operations,Manager,Full-time,32.0,10.0,MASTER,116235.0,0.187,4.0,2.0,17.2,0
EMP0049,2015-06-09 12:07:12.393084,IT,Director,Part-time,35.0,10.0,MASTER,111912.0,0.218,4.0,,4.3,1
EMP0050,2015-06-12 19:52:21.401273,Marketing,Junior,Part-time,33.0,5.0,phd,49910.0,0.065,4.0,3.0,6.8,0
EMP0051,2015-06-16 03:37:30.409463,HR,Senior,Contract,63.0,0.0,Bachelor,46476.0,0.098,3.0,4.0,10.9,0
EMP0052,2015-06-19 11:22:39.417652,HR,Junior,Part-time,50.0,28.0,PhD,,0.229,4.0,1.0,17.2,0
EMP0053,2015-06-22 19:07:48.425841,Legal,Mid,Intern,58.0,28.0,bachelor,71374.0,0.165,4.0,3.0,45.0,0
EMP0054,2015-06-26 02:52:57.434030,Sales,Senior,Intern,40.0,18.0,PhD,37269.0,0.211,4.0,2.0,7.5,0
EMP0055,2015-06-29 10:38:06.442220,Sales,Manager,Part-time,31.0,12.0,bachelor,57143.0,,3.0,4.0,103.2,0
EMP0056,2015-07-02 18:23:15.450409,HR,Mid,Intern,37.0,6.0,phd,19613.0,0.23,1.0,0.0,19.2,0
EMP0057,2015-07-06 02:08:24.458598,Operations,Junior,Part-time,37.0,29.0,MASTER,36881.0,0.299,4.0,4.0,8.7,0
EMP0058,2015-07-09 09:53:33.466787,Finance,Director,Part-time,39.0,22.0,MASTER,58421.0,0.151,5.0,,32.6,0
EMP0059,2015-07-12 17:38:42.474977,Engineering,Junior,Contract,28.0,11.0,Bachelor,66058.0,0.075,4.0,,15.9,0
EMP0060,2015-07-16 01:23:51.483166,Finance,Mid,Contract,,18.0,MASTER,57270.0,0.027,4.0,0.0,10.5,0
EMP0061,2015-07-19 09:09:00.491355,Operations,Mid,Part-time,54.0,11.0,Bachelor,28790.0,0.092,2.0,5.0,59.5,0
EMP0062,2015-07-22 16:54:09.499545,HR,Director,Intern,51.0,16.0,Master,29201.0,0.246,5.0,0.0,2.5,0
EMP0063,2015-07-26 00:39:18.507734,Marketing,Senior,Intern,52.0,26.0,High School,40713.0,0.175,3.0,1.0,38.4,0
EMP0064,2015-07-29 08:24:27.515923,Finance,Director,Intern,24.0,7.0,phd,52186.0,,3.0,2.0,9.9,0
EMP0065,2015-08-01 16:09:36.524112,HR,Lead,Part-time,29.0,4.0,PhD,62372.0,0.26,3.0,1.0,40.8,0
EMP0066,2015-08-04 23:54:45.532302,Sales,Director,Full-time,43.0,14.0,Master,54963.0,0.118,5.0,,10.1,0
EMP0067,2015-08-08 07:39:54.540491,HR,Mid,Intern,36.0,3.0,MASTER,16883.0,0.066,3.0,1.0,4.7,0
EMP0068,2015-08-11 15:25:03.548680,Operations,Senior,Part-time,51.0,27.0,PhD,29341.0,0.282,,0.0,5.4,0
EMP0069,2015-08-14 23:10:12.556869,IT,Junior,Full-time,42.0,1.0,Bachelor,33610.0,0.001,4.0,1.0,3.1,0
EMP0070,2015-08-18 06:55:21.565059,Marketing,Junior,Part-time,39.0,28.0,phd,45848.0,0.118,3.0,5.0,47.7,0
EMP0071,2015-08-21 14:40:30.573248,Marketing,Junior,Intern,29.0,1.0,MASTER,43287.0,0.279,2.0,1.0,13.7,0
EMP0072,2015-08-24 22:25:39.581437,HR,Senior,Intern,28.0,4.0,MASTER,47140.0,0.215,2.0,5.0,12.0,1
EMP0073,2015-08-28 06:10:48.589626,Marketing,Director,Intern,63.0,13.0,phd,45044.0,0.226,2.0,1.0,0.2,0
EMP0074,2015-08-31 13:55:57.597816,Finance,Manager,Intern,25.0,24.0,MASTER,30525.0,0.287,4.0,0.0,10.5,1
EMP0075,2015-09-03 21:41:06.606005,Operations,Senior,Contract,51.0,26.0,PhD,33665.0,0.22,3.0,,14.4,0
EMP0076,2015-09-07 05:26:15.614194,Finance,Lead,Part-time,33.0,9.0,Bachelor,41214.0,,3.0,1.0,10.6,0
EMP0077,2015-09-10 13:11:24.622383,HR,Director,Full-time,57.0,10.0,phd,25680.0,0.299,4.0,4.0,7.0,0
EMP0078,2015-09-13 20:56:33.630573,Engineering,Mid,Contract,29.0,4.0,Master,40925.0,0.006,2.0,3.0,12.4,0
EMP0079,2015-09-17 04:41:42.638762,Engineering,Manager,Intern,29.0,16.0,Bachelor,40129.0,0.27,2.0,1.0,1.7,0
EMP0080,2015-09-20 12:26:51.646951,Marketing,Manager,Part-time,54.0,3.0,PhD,46089.0,,4.0,,8.1,0
EMP0081,2015-09-23 20:12:00.655141,Sales,Mid,Full-time,29.0,23.0,MASTER,108965.0,,5.0,2.0,1.8,0
EMP0082,2015-09-27 03:57:09.663330,Marketing,Manager,Contract,31.0,21.0,Bachelor,17441.0,0.284,3.0,2.0,63.0,0
EMP0083,2015-09-30 11:42:18.671519,Engineering,Lead,Intern,53.0,2.0,Bachelor,27784.0,0.022,4.0,1.0,3.7,0
EMP0084,2015-10-03 19:27:27.679708,HR,Manager,Full-time,51.0,11.0,Bachelor,15611.0,0.222,5.0,0.0,58.2,0
EMP0085,2015-10-07 03:12:36.687898,Engineering,Mid,Part-time,39.0,16.0,MASTER,47857.0,0.071,5.0,3.0,2.7,0
EMP0086,2015-10-10 10:57:45.696087,IT,Junior,Part-time,52.0,1.0,MASTER,35506.0,,4.0,1.0,42.1,0
EMP0087,2015-10-13 18:42:54.704276,Operations,Mid,Contract,26.0,20.0,phd,38937.0,0.215,3.0,3.0,11.5,0
EMP0088,2015-10-17 02:28:03.712465,HR,Junior,Contract,27.0,1.0,phd,72141.0,0.263,5.0,2.0,3.3,0
EMP0089,2015-10-20 10:13:12.720655,HR,Junior,Full-time,60.0,25.0,bachelor,40341.0,0.026,3.0,1.0,0.2,1
EMP0090,2015-10-23 17:58:21.728844,Sales,Junior,Contract,59.0,7.0,bachelor,34289.0,0.15,5.0,1.0,2.1,0
EMP0091,2015-10-27 01:43:30.737033,Engineering,Lead,Contract,56.0,1.0,High School,47955.0,0.042,3.0,,14.7,0
EMP0092,2015-10-30 09:28:39.745222,Legal,Manager,Contract,44.0,2.0,,52892.0,0.008,1.0,3.0,53.2,0
EMP0093,2015-11-02 17:13:48.753412,Operations,Lead,Full-time,28.0,3.0,MASTER,29152.0,0.025,4.0,0.0,18.4,0
EMP0094,2015-11-06 00:58:57.761601,Engineering,Mid,Full-time,41.0,8.0,Master,74987.0,0.24,4.0,2.0,48.8,0
EMP0095,2015-11-09 08:44:06.769790,Sales,Senior,Contract,29.0,25.0,phd,50281.0,0.145,,2.0,9.8,0
EMP0096,2015-11-12 16:29:15.777979,HR,Mid,Full-time,24.0,5.0,phd,89678.0,0.273,4.0,2.0,9.9,0
EMP0097,2015-11-16 00:14:24.786169,Sales,Lead,Part-time,,24.0,PhD,44095.0,0.223,,2.0,10.1,0
EMP0098,2015-11-19 07:59:33.794358,HR,Lead,Full-time,44.0,4.0,PhD,,0.061,3.0,,37.4,1
EMP0099,2015-11-22 15:44:42.802547,Sales,Mid,Part-time,33.0,29.0,Bachelor,,0.084,4.0,,11.5,0
EMP0100,2015-11-25 23:29:51.810737,Finance,Lead,Full-time,51.0,28.0,,,0.264,4.0,5.0,32.0,0
EMP0101,2015-11-29 07:15:00.818926,Engineering,Manager,Full-time,25.0,0.0,Bachelor,43739.0,0.178,4.0,4.0,11.7,0
EMP0102,2015-12-02 15:00:09.827115,HR,Senior,Contract,42.0,7.0,PhD,59145.0,0.259,5.0,5.0,4.0,0
EMP0103,2015-12-05 22:45:18.835304,Sales,Junior,Full-time,27.0,24.0,High School,64707.0,0.037,5.0,0.0,3.9,0
EMP0104,2015-12-09 06:30:27.843494,HR,Senior,Full-time,42.0,14.0,High School,39502.0,0.199,4.0,0.0,2.4,0
EMP0105,2015-12-12 14:15:36.851683,Operations,Junior,Contract,63.0,29.0,MASTER,21171.0,0.29,4.0,1.0,20.8,0
EMP0106,2015-12-15 22:00:45.859872,Operations,Manager,Intern,29.0,9.0,PhD,25702.0,0.288,5.0,0.0,1.0,0
EMP0107,2015-12-19 05:45:54.868061,Operations,Lead,Contract,27.0,26.0,Master,50540.0,0.235,5.0,5.0,5.6,0
EMP0108,2015-12-22 13:31:03.876251,Operations,Director,Contract,41.0,11.0,bachelor,128594.0,0.155,4.0,5.0,20.6,0
EMP0109,2015-12-25 21:16:12.884440,Marketing,Junior,Full-time,53.0,9.0,PhD,32006.0,0.239,3.0,4.0,12.4,0
EMP0110,2015-12-29 05:01:21.892629,Finance,Senior,Part-time,50.0,8.0,PhD,32001.0,0.284,3.0,5.0,56.1,0
EMP0111,2016-01-01 12:46:30.900818,Finance,Director,Part-time,26.0,6.0,Bachelor,30243.0,0.198,3.0,1.0,4.0,1
EMP0112,2016-01-04 20:31:39.909008,Marketing,Senior,Contract,47.0,6.0,Master,70540.0,0.099,4.0,,82.5,0
EMP0113,2016-01-08 04:16:48.917197,Operations,Junior,Contract,37.0,17.0,,65212.0,0.101,4.0,4.0,14.0,0
EMP0114,2016-01-11 12:01:57.925386,Operations,Junior,Part-time,,2.0,phd,33376.0,0.045,4.0,4.0,18.6,0
EMP0115,2016-01-14 19:47:06.933575,IT,Senior,Full-time,45.0,26.0,Master,62788.0,0.264,4.0,3.0,20.9,0
EMP0116,2016-01-18 03:32:15.941765,Legal,Lead,Full-time,53.0,25.0,MASTER,66019.0,0.027,3.0,4.0,38.7,0
EMP0117,2016-01-21 11:17:24.949954,IT,Lead,Contract,59.0,6.0,PhD,101320.0,0.185,4.0,1.0,0.5,0
EMP0118,2016-01-24 19:02:33.958143,HR,Lead,Full-time,57.0,19.0,bachelor,69155.0,0.156,3.0,2.0,19.9,0
EMP0119,2016-01-28 02:47:42.966333,Legal,Senior,Full-time,47.0,15.0,phd,32625.0,0.105,4.0,1.0,11.5,0
EMP0120,2016-01-31 10:32:51.974522,HR,Lead,Full-time,55.0,11.0,phd,52728.0,0.246,,,56.1,0
EMP0121,2016-02-03 18:18:00.982711,Finance,Lead,Contract,57.0,26.0,Master,78171.0,0.204,4.0,4.0,67.8,0
EMP0122,2016-02-07 02:03:09.990900,Finance,Manager,Full-time,33.0,9.0,phd,44580.0,0.046,4.0,5.0,30.2,0
EMP0123,2016-02-10 09:48:18.999090,Marketing,Junior,Part-time,57.0,28.0,bachelor,90885.0,,3.0,4.0,55.7,1
EMP0124,2016-02-13 17:33:28.007279,IT,Manager,Intern,49.0,13.0,bachelor,46408.0,0.187,3.0,2.0,7.7,0
EMP0125,2016-02-17 01:18:37.015468,Legal,Junior,Full-time,30.0,2.0,PhD,29517.0,0.156,5.0,,11.7,0
EMP0126,2016-02-20 09:03:46.023657,Legal,Lead,Full-time,60.0,0.0,phd,51263.0,0.195,4.0,4.0,3.2,0
EMP0127,2016-02-23 16:48:55.031847,HR,Junior,Full-time,34.0,20.0,phd,25378.0,0.256,1.0,,9.7,0
EMP0128,2016-02-27 00:34:04.040036,HR,Director,Intern,48.0,21.0,MASTER,48378.0,0.178,3.0,5.0,15.1,1
EMP0129,2016-03-01 08:19:13.048225,Operations,Junior,Intern,,16.0,High School,32198.0,0.063,3.0,5.0,14.1,0
EMP0130,2016-03-04 16:04:22.056414,IT,Director,Intern,51.0,18.0,phd,70263.0,0.001,4.0,,16.5,0
EMP0131,2016-03-07 23:49:31.064604,Sales,Director,Intern,23.0,4.0,Bachelor,157153.0,0.03,2.0,4.0,5.2,0
EMP0132,2016-03-11 07:34:40.072793,HR,Director,Full-time,61.0,8.0,PhD,55755.0,0.174,3.0,2.0,3.0,1
EMP0133,2016-03-14 15:19:49.080982,Operations,Senior,Full-time,38.0,25.0,phd,,0.071,3.0,1.0,59.6,0
EMP0134,2016-03-17 23:04:58.089171,Engineering,Senior,Intern,23.0,6.0,,47274.0,0.29,4.0,4.0,7.2,0
EMP0135,2016-03-21 06:50:07.097361,HR,Senior,Contract,53.0,6.0,PhD,,0.032,3.0,0.0,5.6,1
EMP0136,2016-03-24 14:35:16.105550,IT,Manager,Intern,38.0,13.0,Bachelor,93836.0,0.07,2.0,0.0,5.3,0
EMP0137,2016-03-27 22:20:25.113739,Finance,Senior,Intern,33.0,20.0,PhD,53429.0,0.088,3.0,,21.8,0
EMP0138,2016-03-31 06:05:34.121929,Operations,Senior,Intern,62.0,28.0,phd,66589.0,0.229,1.0,0.0,106.9,1
EMP0139,2016-04-03 13:50:43.130118,HR,Manager,Part-time,52.0,3.0,Bachelor,33890.0,0.026,1.0,1.0,20.8,1
EMP0140,2016-04-06 21:35:52.138307,Marketing,Mid,Part-time,51.0,23.0,Master,38909.0,0.153,4.0,,4.9,0
EMP0141,2016-04-10 05:21:01.146496,Operations,Mid,Intern,37.0,18.0,PhD,20785.0,0.07,3.0,1.0,96.3,0
EMP0142,2016-04-13 13:06:10.154686,Operations,Lead,Full-time,24.0,20.0,High School,55628.0,0.185,3.0,1.0,43.2,0
EMP0143,2016-04-16 20:51:19.162875,IT,Junior,Full-time,62.0,19.0,MASTER,34241.0,0.1,3.0,5.0,14.5,0
EMP0144,2016-04-20 04:36:28.171064,IT,Senior,Intern,25.0,26.0,MASTER,34524.0,0.297,3.0,5.0,10.7,1
EMP0145,2016-04-23 12:21:37.179253,Engineering,Manager,Intern,23.0,28.0,bachelor,41038.0,0.146,,5.0,10.1,0
EMP0146,2016-04-26 20:06:46.187443,Engineering,Junior,Full-time,32.0,13.0,Bachelor,84609.0,0.195,2.0,0.0,17.8,0
EMP0147,2016-04-30 03:51:55.195632,Engineering,Manager,Contract,28.0,18.0,Master,72398.0,0.127,4.0,,0.2,0
EMP0148,2016-05-03 11:37:04.203821,Legal,Junior,Part-time,45.0,16.0,Bachelor,48992.0,0.244,3.0,0.0,17.1,0
EMP0149,2016-05-06 19:22:13.212010,Sales,Director,Intern,,15.0,bachelor,74568.0,0.18,3.0,2.0,1.4,0
EMP0150,2016-05-10 03:07:22.220200,HR,Senior,Contract,40.0,6.0,Bachelor,43695.0,0.088,4.0,3.0,2.6,1
EMP0151,2016-05-13 10:52:31.228389,Finance,Lead,Part-time,33.0,6.0,Master,,0.114,1.0,2.0,5.4,1
EMP0152,2016-05-16 18:37:40.236578,Engineering,Lead,Part-time,40.0,8.0,Master,,0.151,5.0,5.0,12.1,1
EMP0153,2016-05-20 02:22:49.244767,Engineering,Manager,Full-time,47.0,16.0,Master,168692.0,0.273,3.0,5.0,19.4,0
EMP0154,2016-05-23 10:07:58.252957,HR,Manager,Intern,30.0,2.0,Bachelor,52296.0,0.157,3.0,3.0,0.4,1
EMP0155,2016-05-26 17:53:07.261146,Engineering,Senior,Full-time,57.0,6.0,MASTER,30254.0,0.179,4.0,5.0,3.8,0
EMP0156,2016-05-30 01:38:16.269335,Legal,Manager,Intern,44.0,10.0,MASTER,65343.0,0.287,5.0,,7.4,0
EMP0157,2016-06-02 09:23:25.277525,Marketing,Director,Full-time,26.0,11.0,MASTER,74529.0,0.241,2.0,,24.7,0
EMP0158,2016-06-05 17:08:34.285714,Sales,Junior,Part-time,39.0,2.0,phd,63839.0,0.018,5.0,5.0,9.7,0
EMP0159,2016-06-09 00:53:43.293903,Engineering,Director,Full-time,43.0,21.0,PhD,43261.0,0.114,4.0,4.0,5.8,0
EMP0160,2016-06-12 08:38:52.302092,Engineering,Lead,Full-time,,6.0,MASTER,25022.0,0.005,,,31.7,0
EMP0161,2016-06-15 16:24:01.310282,Finance,Director,Full-time,62.0,19.0,phd,40331.0,0.084,5.0,4.0,17.3,0
EMP0162,2016-06-19 00:09:10.318471,HR,Lead,Part-time,24.0,14.0,Bachelor,49951.0,0.056,4.0,,14.2,0
EMP0163,2016-06-22 07:54:19.326660,Marketing,Lead,Contract,23.0,27.0,,30291.0,0.129,3.0,0.0,10.1,0
EMP0164,2016-06-25 15:39:28.334849,Operations,Director,Part-time,64.0,5.0,phd,63036.0,0.184,2.0,3.0,11.6,0
EMP0165,2016-06-28 23:24:37.343039,Engineering,Director,Full-time,22.0,12.0,MASTER,60508.0,0.227,3.0,3.0,63.3,0
EMP0166,2016-07-02 07:09:46.351228,IT,Senior,Contract,42.0,25.0,MASTER,27930.0,0.152,4.0,0.0,10.9,1
EMP0167,2016-07-05 14:54:55.359417,Marketing,Senior,Contract,63.0,12.0,Bachelor,23800.0,0.184,2.0,,17.0,0
EMP0168,2016-07-08 22:40:04.367606,Sales,Junior,Full-time,29.0,4.0,Master,81197.0,0.164,3.0,5.0,11.2,1
EMP0169,2016-07-12 06:25:13.375796,Sales,Senior,Intern,34.0,15.0,,40843.0,0.033,2.0,4.0,13.5,0
EMP0170,2016-07-15 14:10:22.383985,IT,Manager,Full-time,36.0,7.0,phd,77464.0,0.169,1.0,,2.8,0
EMP0171,2016-07-18 21:55:31.392174,Sales,Lead,Part-time,44.0,24.0,bachelor,54679.0,0.095,3.0,4.0,12.9,0
EMP0172,2016-07-22 05:40:40.400363,IT,Director,Full-time,41.0,7.0,phd,89602.0,0.042,5.0,2.0,1.6,0
EMP0173,2016-07-25 13:25:49.408553,Legal,Lead,Full-time,23.0,23.0,phd,64851.0,0.01,2.0,0.0,67.7,1
EMP0174,2016-07-28 21:10:58.416742,Sales,Lead,Contract,43.0,25.0,MASTER,83734.0,0.111,5.0,4.0,36.0,1
EMP0175,2016-08-01 04:56:07.424931,Finance,Junior,Part-time,48.0,10.0,MASTER,36238.0,0.289,,,65.6,0
EMP0176,2016-08-04 12:41:16.433121,Marketing,Director,Part-time,62.0,25.0,MASTER,34824.0,0.248,3.0,2.0,15.0,0
EMP0177,2016-08-07 20:26:25.441310,Finance,Senior,Part-time,42.0,7.0,bachelor,65172.0,0.068,,0.0,23.2,0
EMP0178,2016-08-11 04:11:34.449499,Sales,Junior,Intern,,28.0,Master,60284.0,0.023,3.0,0.0,16.0,0
EMP0179,2016-08-14 11:56:43.457688,Legal,Mid,Full-time,36.0,23.0,PhD,46960.0,0.217,4.0,3.0,12.6,1
EMP0180,2016-08-17 19:41:52.465878,Engineering,Junior,Full-time,23.0,20.0,High School,31959.0,0.068,3.0,2.0,15.8,0
EMP0181,2016-08-21 03:27:01.474067,Sales,Lead,Intern,25.0,4.0,phd,55687.0,0.199,3.0,4.0,14.9,0
EMP0182,2016-08-24 11:12:10.482256,Operations,Mid,Contract,63.0,20.0,bachelor,157724.0,0.198,2.0,5.0,6.9,0
EMP0183,2016-08-27 18:57:19.490445,HR,Manager,Part-time,36.0,16.0,MASTER,33405.0,0.218,1.0,,19.3,0
EMP0184,2016-08-31 02:42:28.498635,Operations,Junior,Full-time,,26.0,Master,30988.0,0.239,3.0,2.0,40.5,0
EMP0185,2016-09-03 10:27:37.506824,Legal,Lead,Full-time,45.0,13.0,Master,76980.0,0.102,2.0,5.0,1.6,0
EMP0186,2016-09-06 18:12:46.515013,Sales,Lead,Intern,36.0,7.0,,28756.0,0.267,2.0,3.0,5.9,0
EMP0187,2016-09-10 01:57:55.523202,IT,Senior,Intern,27.0,15.0,Bachelor,43381.0,0.264,2.0,3.0,5.7,1
EMP0188,2016-09-13 09:43:04.531392,Sales,Lead,Part-time,45.0,21.0,bachelor,,0.26,4.0,3.0,26.6,0
EMP0189,2016-09-16 17:28:13.539581,HR,Mid,Part-time,30.0,16.0,phd,30477.0,0.18,,5.0,1.0,0
EMP0190,2016-09-20 01:13:22.547770,IT,Junior,Intern,33.0,12.0,Master,36538.0,,5.0,4.0,4.9,0
EMP0191,2016-09-23 08:58:31.555959,IT,Manager,Contract,41.0,15.0,Master,117190.0,0.279,5.0,4.0,9.6,1
EMP0192,2016-09-26 16:43:40.564149,Legal,Manager,Intern,47.0,7.0,bachelor,76467.0,0.155,3.0,0.0,28.8,0
EMP0193,2016-09-30 00:28:49.572338,Operations,Senior,Intern,58.0,21.0,phd,41659.0,0.147,4.0,3.0,1.0,0
EMP0194,2016-10-03 08:13:58.580527,Sales,Lead,Contract,53.0,17.0,Master,86479.0,0.199,1.0,5.0,20.9,0
EMP0195,2016-10-06 15:59:07.588717,Sales,Lead,Contract,35.0,24.0,PhD,35851.0,0.045,4.0,5.0,25.3,0
EMP0196,2016-10-09 23:44:16.596906,Sales,Junior,Part-time,25.0,27.0,phd,27603.0,0.131,,5.0,28.6,0
EMP0197,2016-10-13 07:29:25.605095,Legal,Mid,Contract,53.0,13.0,bachelor,76328.0,0.196,3.0,5.0,1.5,0
EMP0198,2016-10-16 15:14:34.613284,Marketing,Lead,Contract,37.0,13.0,,41910.0,0.092,2.0,2.0,5.3,0
EMP0199,2016-10-19 22:59:43.621474,HR,Director,Intern,28.0,4.0,Master,40114.0,0.152,4.0,2.0,0.4,1
EMP0200,2016-10-23 06:44:52.629663,Legal,Junior,Contract,59.0,4.0,Bachelor,135777.0,0.238,4.0,1.0,16.8,0
EMP0201,2016-10-26 14:30:01.637852,Legal,Junior,Part-time,61.0,4.0,High School,35446.0,0.052,3.0,1.0,66.8,0
EMP0202,2016-10-29 22:15:10.646041,Legal,Lead,Contract,49.0,9.0,Bachelor,12327.0,0.006,3.0,4.0,40.7,0
EMP0203,2016-11-02 06:00:19.654231,IT,Director,Intern,33.0,15.0,PhD,49710.0,0.251,3.0,4.0,45.3,0
EMP0204,2016-11-05 13:45:28.662420,IT,Junior,Full-time,64.0,8.0,bachelor,28134.0,,3.0,5.0,0.6,0
EMP0205,2016-11-08 21:30:37.670609,IT,Manager,Contract,28.0,12.0,MASTER,125724.0,0.128,3.0,3.0,2.1,0
EMP0206,2016-11-12 05:15:46.678798,HR,Director,Part-time,60.0,26.0,Master,26888.0,0.11,4.0,,9.3,0
EMP0207,2016-11-15 13:00:55.686988,HR,Director,Part-time,58.0,22.0,phd,55734.0,0.222,3.0,3.0,14.9,0
EMP0208,2016-11-18 20:46:04.695177,Sales,Junior,Part-time,36.0,25.0,phd,36502.0,0.075,3.0,0.0,30.0,0
EMP0209,2016-11-22 04:31:13.703366,Finance,Manager,Part-time,50.0,25.0,MASTER,25009.0,0.14,4.0,2.0,1.8,1
EMP0210,2016-11-25 12:16:22.711555,Legal,Mid,Full-time,42.0,12.0,phd,,,1.0,5.0,21.7,0
EMP0211,2016-11-28 20:01:31.719745,IT,Manager,Full-time,23.0,8.0,Bachelor,25245.0,0.176,5.0,1.0,1.1,0
EMP0212,2016-12-02 03:46:40.727934,Finance,Lead,Intern,31.0,15.0,,87985.0,0.278,3.0,3.0,1.3,0
EMP0213,2016-12-05 11:31:49.736123,Finance,Mid,Contract,47.0,0.0,MASTER,63725.0,0.173,4.0,2.0,19.1,0
EMP0214,2016-12-08 19:16:58.744313,Marketing,Lead,Part-time,62.0,26.0,High School,26331.0,0.163,4.0,3.0,6.6,0
EMP0215,2016-12-12 03:02:07.752502,Marketing,Manager,Contract,64.0,26.0,High School,110470.0,0.197,4.0,,0.5,1
EMP0216,2016-12-15 10:47:16.760691,Sales,Manager,Part-time,62.0,7.0,MASTER,58949.0,0.024,5.0,3.0,4.9,1
EMP0217,2016-12-18 18:32:25.768880,IT,Director,Contract,23.0,4.0,MASTER,90321.0,0.163,3.0,,27.5,0
EMP0218,2016-12-22 02:17:34.777070,HR,Junior,Intern,64.0,13.0,High School,45351.0,0.091,5.0,0.0,20.4,0
EMP0219,2016-12-25 10:02:43.785259,Marketing,Director,Contract,46.0,23.0,phd,73688.0,0.185,3.0,4.0,18.8,0
EMP0220,2016-12-28 17:47:52.793448,Operations,Manager,Full-time,52.0,13.0,bachelor,46669.0,0.208,5.0,4.0,6.6,0
EMP0221,2017-01-01 01:33:01.801637,Operations,Mid,Part-time,64.0,4.0,phd,83761.0,0.245,4.0,1.0,37.4,0
EMP0222,2017-01-04 09:18:10.809827,Legal,Senior,Part-time,64.0,17.0,High School,125093.0,0.182,4.0,,16.9,0
EMP0223,2017-01-07 17:03:19.818016,Marketing,Senior,Contract,39.0,23.0,Bachelor,28010.0,0.039,5.0,3.0,3.7,0
EMP0224,2017-01-11 00:48:28.826205,Operations,Manager,Intern,49.0,22.0,bachelor,104047.0,0.047,1.0,0.0,38.9,0
EMP0225,2017-01-14 08:33:37.834394,Engineering,Senior,Contract,22.0,26.0,PhD,52281.0,0.272,5.0,2.0,119.4,0
EMP0226,2017-01-17 16:18:46.842584,Sales,Lead,Contract,56.0,22.0,Bachelor,159023.0,0.27,4.0,,4.0,0
EMP0227,2017-01-21 00:03:55.850773,IT,Lead,Part-time,28.0,26.0,phd,59069.0,0.067,4.0,4.0,2.0,0
EMP0228,2017-01-24 07:49:04.858962,Finance,Lead,Full-time,44.0,15.0,bachelor,32889.0,0.156,4.0,5.0,24.9,0
EMP0229,2017-01-27 15:34:13.867151,Engineering,Director,Full-time,48.0,15.0,PhD,44889.0,0.24,2.0,2.0,21.3,0
EMP0230,2017-01-30 23:19:22.875341,Legal,Senior,Intern,62.0,5.0,High School,28455.0,0.252,4.0,0.0,0.4,0
EMP0231,2017-02-03 07:04:31.883530,IT,Junior,Full-time,22.0,1.0,phd,,0.046,3.0,5.0,35.2,0
EMP0232,2017-02-06 14:49:40.891719,Sales,Senior,Contract,32.0,13.0,Bachelor,35464.0,0.089,3.0,2.0,2.3,0
EMP0233,2017-02-09 22:34:49.899909,Engineering,Junior,Contract,31.0,29.0,phd,48397.0,0.154,4.0,2.0,87.8,0
EMP0234,2017-02-13 06:19:58.908098,Legal,Lead,Part-time,32.0,17.0,PhD,73241.0,0.136,5.0,1.0,43.6,0
EMP0235,2017-02-16 14:05:07.916287,HR,Director,Full-time,56.0,24.0,MASTER,64140.0,0.289,5.0,4.0,5.8,1
EMP0236,2017-02-19 21:50:16.924476,Finance,Manager,Contract,40.0,11.0,Bachelor,107995.0,0.02,4.0,5.0,18.3,0
EMP0237,2017-02-23 05:35:25.932666,Sales,Manager,Contract,,15.0,bachelor,30871.0,0.102,3.0,1.0,109.5,1
EMP0238,2017-02-26 13:20:34.940855,Operations,Junior,Intern,35.0,2.0,Bachelor,51199.0,0.118,3.0,5.0,10.8,0
EMP0239,2017-03-01 21:05:43.949044,Operations,Director,Part-time,63.0,25.0,Bachelor,62195.0,,3.0,4.0,30.3,0
EMP0240,2017-03-05 04:50:52.957233,IT,Junior,Part-time,49.0,24.0,Master,52806.0,0.277,5.0,4.0,26.2,0
EMP0241,2017-03-08 12:36:01.965423,Engineering,Director,Intern,58.0,14.0,Master,55683.0,0.163,4.0,1.0,5.4,0
EMP0242,2017-03-11 20:21:10.973612,Marketing,Manager,Contract,40.0,27.0,phd,91501.0,0.031,2.0,0.0,58.7,0
EMP0243,2017-03-15 04:06:19.981801,IT,Manager,Part-time,54.0,22.0,bachelor,59376.0,0.074,3.0,4.0,23.5,0
EMP0244,2017-03-18 11:51:28.989990,Engineering,Director,Full-time,27.0,8.0,Master,52408.0,0.031,5.0,4.0,14.5,0
EMP0245,2017-03-21 19:36:37.998180,Operations,Manager,Contract,37.0,13.0,MASTER,32607.0,0.084,4.0,3.0,0.8,1
EMP0246,2017-03-25 03:21:47.006369,HR,Lead,Part-time,64.0,14.0,bachelor,76137.0,0.187,1.0,1.0,29.5,0
EMP0247,2017-03-28 11:06:56.014558,HR,Junior,Contract,29.0,13.0,bachelor,38999.0,0.212,5.0,,2.1,0
EMP0248,2017-03-31 18:52:05.022747,Operations,Lead,Intern,63.0,2.0,Master,,0.0,4.0,1.0,20.0,0
EMP0249,2017-04-04 02:37:14.030937,Marketing,Lead,Contract,53.0,26.0,Master,106004.0,0.186,4.0,4.0,21.4,0
EMP0250,2017-04-07 10:22:23.039126,Engineering,Lead,Full-time,41.0,10.0,PhD,42601.0,0.298,3.0,4.0,63.3,0
EMP0251,2017-04-10 18:07:32.047315,Legal,Junior,Part-time,43.0,2.0,bachelor,51993.0,0.196,3.0,5.0,32.5,0
EMP0252,2017-04-14 01:52:41.055505,HR,Senior,Contract,,29.0,PhD,137834.0,0.104,,3.0,15.5,0
EMP0253,2017-04-17 09:37:50.063694,Marketing,Mid,Part-time,29.0,1.0,phd,49750.0,0.108,2.0,,19.5,1
EMP0254,2017-04-20 17:22:59.071883,Sales,Director,Part-time,,21.0,,51267.0,0.241,3.0,0.0,0.3,0
EMP0255,2017-04-24 01:08:08.080072,Legal,Lead,Part-time,25.0,7.0,Bachelor,85905.0,0.148,4.0,0.0,35.0,0
EMP0256,2017-04-27 08:53:17.088262,Operations,Lead,Contract,29.0,10.0,Master,24895.0,0.179,3.0,4.0,1.1,0
EMP0257,2017-04-30 16:38:26.096451,IT,Senior,Part-time,61.0,21.0,bachelor,88798.0,,4.0,4.0,17.2,0
EMP0258,2017-05-04 00:23:35.104640,Operations,Junior,Contract,47.0,6.0,High School,87357.0,0.292,1.0,1.0,17.3,0
EMP0259,2017-05-07 08:08:44.112829,Operations,Senior,Part-time,33.0,26.0,Bachelor,49465.0,0.171,1.0,,7.4,0
EMP0260,2017-05-10 15:53:53.121019,Sales,Junior,Intern,,21.0,High School,20992.0,0.288,,2.0,18.3,0
EMP0261,2017-05-13 23:39:02.129208,Engineering,Director,Part-time,44.0,4.0,MASTER,119985.0,0.165,4.0,,18.2,0
EMP0262,2017-05-17 07:24:11.137397,Engineering,Lead,Part-time,52.0,4.0,MASTER,25784.0,0.086,4.0,3.0,3.1,0
EMP0263,2017-05-20 15:09:20.145586,IT,Mid,Contract,48.0,2.0,Bachelor,37475.0,,4.0,,32.0,1
EMP0264,2017-05-23 22:54:29.153776,IT,Junior,Part-time,49.0,23.0,phd,45174.0,0.073,4.0,,37.2,0
EMP0265,2017-05-27 06:39:38.161965,Engineering,Director,Part-time,43.0,21.0,phd,71771.0,0.172,3.0,1.0,54.6,1
EMP0266,2017-05-30 14:24:47.170154,IT,Lead,Full-time,63.0,13.0,Bachelor,72054.0,0.098,5.0,,7.9,1
EMP0267,2017-06-02 22:09:56.178343,IT,Junior,Contract,28.0,17.0,Master,85852.0,0.227,5.0,4.0,1.9,0
EMP0268,2017-06-06 05:55:05.186533,Finance,Director,Intern,57.0,16.0,bachelor,111534.0,0.216,4.0,0.0,8.1,1
EMP0269,2017-06-09 13:40:14.194722,IT,Lead,Contract,30.0,11.0,phd,25183.0,0.238,1.0,,27.2,0
EMP0270,2017-06-12 21:25:23.202911,Engineering,Mid,Intern,33.0,4.0,Master,38532.0,0.185,2.0,0.0,11.1,0
EMP0271,2017-06-16 05:10:32.211101,Marketing,Senior,Full-time,38.0,9.0,Bachelor,117312.0,0.136,4.0,5.0,9.3,0
EMP0272,2017-06-19 12:55:41.219290,Marketing,Junior,Contract,,5.0,Bachelor,28321.0,0.119,4.0,0.0,3.7,0
EMP0273,2017-06-22 20:40:50.227479,Legal,Lead,Intern,25.0,14.0,phd,29177.0,0.297,4.0,3.0,6.4,0
EMP0274,2017-06-26 04:25:59.235668,Engineering,Lead,Full-time,37.0,13.0,Master,88333.0,0.015,3.0,3.0,45.0,0
EMP0275,2017-06-29 12:11:08.243858,Sales,Manager,Part-time,60.0,8.0,Bachelor,88963.0,0.287,3.0,,20.0,0
EMP0276,2017-07-02 19:56:17.252047,Engineering,Director,Part-time,22.0,17.0,phd,57379.0,0.222,5.0,,9.0,1
EMP0277,2017-07-06 03:41:26.260236,Sales,Director,Intern,61.0,11.0,PhD,72513.0,0.207,3.0,5.0,50.0,0
EMP0278,2017-07-09 11:26:35.268425,Marketing,Lead,Contract,42.0,11.0,High School,53714.0,0.068,1.0,,34.9,0
EMP0279,2017-07-12 19:11:44.276615,Legal,Mid,Full-time,22.0,20.0,PhD,36694.0,0.074,,0.0,2.5,0
EMP0280,2017-07-16 02:56:53.284804,Marketing,Lead,Part-time,28.0,22.0,bachelor,97587.0,0.028,4.0,2.0,0.1,0
EMP0281,2017-07-19 10:42:02.292993,Finance,Manager,Intern,45.0,9.0,bachelor,90587.0,0.236,3.0,,33.2,0
EMP0282,2017-07-22 18:27:11.301182,Engineering,Director,Contract,58.0,3.0,,64608.0,0.29,4.0,3.0,9.9,0
EMP0283,2017-07-26 02:12:20.309372,Engineering,Director,Contract,44.0,22.0,bachelor,69845.0,0.018,3.0,0.0,48.9,1
EMP0284,2017-07-29 09:57:29.317561,IT,Lead,Full-time,59.0,20.0,Master,32939.0,0.2,4.0,0.0,5.4,0
EMP0285,2017-08-01 17:42:38.325750,IT,Mid,Part-time,22.0,27.0,phd,75683.0,0.284,2.0,5.0,11.8,0
EMP0286,2017-08-05 01:27:47.333939,IT,Manager,Full-time,27.0,18.0,PhD,42225.0,0.038,4.0,1.0,49.2,0
EMP0287,2017-08-08 09:12:56.342129,Operations,Senior,Part-time,25.0,5.0,PhD,32545.0,0.146,5.0,,3.7,0
EMP0288,2017-08-11 16:58:05.350318,Sales,Lead,Full-time,63.0,19.0,MASTER,56028.0,0.202,,3.0,55.1,1
EMP0289,2017-08-15 00:43:14.358507,Sales,Senior,Intern,46.0,3.0,PhD,46639.0,0.171,3.0,,36.8,0
EMP0290,2017-08-18 08:28:23.366696,HR,Mid,Full-time,54.0,12.0,MASTER,31416.0,0.046,3.0,5.0,47.9,0
EMP0291,2017-08-21 16:13:32.374886,Legal,Director,Part-time,,21.0,Bachelor,87697.0,0.026,3.0,1.0,10.3,0
EMP0292,2017-08-24 23:58:41.383075,Engineering,Junior,Contract,27.0,9.0,PhD,21555.0,0.008,4.0,4.0,38.0,0
EMP0293,2017-08-28 07:43:50.391264,Legal,Director,Part-time,50.0,15.0,phd,51751.0,0.197,4.0,5.0,12.6,0
EMP0294,2017-08-31 15:28:59.399454,Operations,Mid,Full-time,47.0,3.0,PhD,25703.0,,4.0,4.0,23.1,0
EMP0295,2017-09-03 23:14:08.407643,Sales,Senior,Part-time,43.0,19.0,,41617.0,0.047,3.0,3.0,32.9,0
EMP0296,2017-09-07 06:59:17.415832,Sales,Manager,Full-time,27.0,24.0,Bachelor,43367.0,0.094,4.0,5.0,10.4,0
EMP0297,2017-09-10 14:44:26.424021,Operations,Manager,Part-time,,2.0,MASTER,50626.0,0.089,4.0,2.0,7.7,0
EMP0298,2017-09-13 22:29:35.432211,Marketing,Mid,Full-time,43.0,16.0,Bachelor,39062.0,0.282,4.0,4.0,5.0,0
EMP0299,2017-09-17 06:14:44.440400,Legal,Mid,Part-time,60.0,12.0,Bachelor,63641.0,0.028,3.0,1.0,45.6,1
EMP0300,2017-09-20 13:59:53.448589,Operations,Manager,Contract,34.0,13.0,High School,50039.0,0.261,3.0,4.0,5.3,0
EMP0301,2017-09-23 21:45:02.456778,Finance,Manager,Part-time,29.0,13.0,High School,22065.0,0.111,2.0,2.0,0.6,0
EMP0302,2017-09-27 05:30:11.464968,Legal,Mid,Contract,52.0,11.0,PhD,,0.176,5.0,2.0,36.5,0
EMP0303,2017-09-30 13:15:20.473157,Operations,Senior,Full-time,55.0,22.0,phd,27272.0,0.055,3.0,5.0,24.6,1
EMP0304,2017-10-03 21:00:29.481346,Finance,Junior,Intern,31.0,12.0,phd,16676.0,0.243,1.0,,20.2,1
EMP0305,2017-10-07 04:45:38.489535,HR,Mid,Contract,48.0,3.0,Bachelor,31008.0,0.072,3.0,3.0,24.7,0
EMP0306,2017-10-10 12:30:47.497725,Sales,Mid,Intern,38.0,1.0,MASTER,100844.0,0.249,2.0,2.0,28.7,0
EMP0307,2017-10-13 20:15:56.505914,Marketing,Junior,Part-time,36.0,3.0,bachelor,73682.0,0.146,,2.0,26.6,0
EMP0308,2017-10-17 04:01:05.514103,Marketing,Lead,Part-time,26.0,10.0,Master,14145.0,0.151,4.0,4.0,2.6,0
EMP0309,2017-10-20 11:46:14.522292,Finance,Junior,Intern,26.0,27.0,MASTER,76937.0,0.009,4.0,5.0,9.4,0
EMP0310,2017-10-23 19:31:23.530482,Sales,Manager,Part-time,43.0,9.0,High School,41763.0,0.094,4.0,0.0,12.4,0
EMP0311,2017-10-27 03:16:32.538671,Operations,Director,Contract,43.0,21.0,Bachelor,18456.0,0.218,3.0,,24.6,1
EMP0312,2017-10-30 11:01:41.546860,Operations,Mid,Intern,54.0,11.0,phd,34183.0,0.194,3.0,1.0,1.9,1
EMP0313,2017-11-02 18:46:50.555050,Finance,Senior,Contract,45.0,28.0,MASTER,44836.0,0.102,4.0,,0.8,0
EMP0314,2017-11-06 02:31:59.563239,Engineering,Director,Contract,25.0,2.0,bachelor,31031.0,0.09,4.0,,0.4,0
EMP0315,2017-11-09 10:17:08.571428,Engineering,Lead,Contract,48.0,21.0,PhD,20715.0,0.008,4.0,3.0,4.2,0
EMP0316,2017-11-12 18:02:17.579617,Legal,Director,Intern,37.0,29.0,phd,36549.0,0.061,4.0,,13.6,0
EMP0317,2017-11-16 01:47:26.587807,Finance,Mid,Full-time,47.0,18.0,High School,36295.0,0.083,3.0,,13.8,0
EMP0318,2017-11-19 09:32:35.595996,Legal,Director,Contract,,7.0,Bachelor,,0.15,4.0,5.0,31.9,0
EMP0319,2017-11-22 17:17:44.604185,HR,Director,Part-time,35.0,4.0,PhD,40740.0,0.113,3.0,3.0,34.8,0
EMP0320,2017-11-26 01:02:53.612374,Operations,Lead,Full-time,63.0,1.0,phd,30677.0,0.13,3.0,0.0,26.3,0
EMP0321,2017-11-29 08:48:02.620564,IT,Junior,Contract,40.0,8.0,MASTER,45278.0,0.243,3.0,4.0,25.4,0
EMP0322,2017-12-02 16:33:11.628753,Operations,Junior,Full-time,42.0,0.0,PhD,40765.0,0.154,3.0,,2.7,0
EMP0323,2017-12-06 00:18:20.636942,Sales,Lead,Part-time,32.0,1.0,Master,78115.0,0.006,5.0,2.0,49.9,1
EMP0324,2017-12-09 08:03:29.645131,HR,Junior,Part-time,41.0,13.0,PhD,946588.0110424099,0.035,3.0,1.0,1.8,0
EMP0325,2017-12-12 15:48:38.653321,Operations,Lead,Full-time,47.0,6.0,,28361.0,0.138,3.0,2.0,8.3,0
EMP0326,2017-12-15 23:33:47.661510,Legal,Senior,Contract,59.0,9.0,MASTER,23420.0,0.193,3.0,,23.3,0
EMP0327,2017-12-19 07:18:56.669699,IT,Mid,Full-time,48.0,11.0,,66951.0,0.109,5.0,0.0,5.6,0
EMP0328,2017-12-22 15:04:05.677888,Marketing,Junior,Contract,34.0,3.0,Master,67086.0,0.042,5.0,1.0,100.8,0
EMP0329,2017-12-25 22:49:14.686078,Legal,Senior,Intern,49.0,12.0,bachelor,,0.137,,4.0,67.7,0
EMP0330,2017-12-29 06:34:23.694267,HR,Senior,Intern,59.0,27.0,Bachelor,42006.0,0.045,3.0,1.0,5.0,0
EMP0331,2018-01-01 14:19:32.702456,Marketing,Junior,Intern,29.0,6.0,bachelor,92052.0,0.179,3.0,2.0,63.1,0
EMP0332,2018-01-04 22:04:41.710646,Engineering,Lead,Full-time,40.0,9.0,,60245.0,0.046,4.0,5.0,4.4,0
EMP0333,2018-01-08 05:49:50.718835,Engineering,Lead,Contract,46.0,2.0,Master,85122.0,0.072,4.0,1.0,15.5,1
EMP0334,2018-01-11 13:34:59.727024,Finance,Junior,Part-time,26.0,12.0,MASTER,95308.0,0.289,,,16.2,0
EMP0335,2018-01-14 21:20:08.735213,Sales,Junior,Contract,64.0,13.0,phd,66926.0,0.049,4.0,4.0,0.0,0
EMP0336,2018-01-18 05:05:17.743403,Sales,Junior,Contract,,2.0,Master,68277.0,0.043,3.0,4.0,21.0,0
EMP0337,2018-01-21 12:50:26.751592,Legal,Lead,Part-time,,25.0,phd,31826.0,0.232,4.0,1.0,15.3,0
EMP0338,2018-01-24 20:35:35.759781,Marketing,Junior,Full-time,29.0,14.0,High School,40694.0,0.15,4.0,2.0,40.7,0
EMP0339,2018-01-28 04:20:44.767970,Engineering,Director,Full-time,37.0,24.0,bachelor,37037.0,0.132,2.0,3.0,10.3,0
EMP0340,2018-01-31 12:05:53.776160,Legal,Director,Part-time,57.0,19.0,MASTER,46026.0,0.071,3.0,1.0,5.6,0
EMP0341,2018-02-03 19:51:02.784349,Engineering,Senior,Part-time,44.0,27.0,Master,46448.0,0.071,4.0,2.0,35.8,0
EMP0342,2018-02-07 03:36:11.792538,Operations,Director,Full-time,43.0,1.0,Master,17912.0,0.016,3.0,0.0,7.2,0
EMP0343,2018-02-10 11:21:20.800727,HR,Manager,Contract,41.0,23.0,phd,78064.0,0.059,,2.0,7.4,1
EMP0344,2018-02-13 19:06:29.808917,Finance,Senior,Intern,61.0,27.0,bachelor,,0.057,4.0,,34.3,0
EMP0345,2018-02-17 02:51:38.817106,Marketing,Lead,Contract,31.0,4.0,bachelor,51863.0,,5.0,0.0,14.4,1
EMP0346,2018-02-20 10:36:47.825295,HR,Lead,Part-time,36.0,20.0,PhD,58019.0,0.157,3.0,1.0,9.1,0
EMP0347,2018-02-23 18:21:56.833484,IT,Manager,Contract,54.0,29.0,MASTER,41313.0,0.004,5.0,,7.9,0
EMP0348,2018-02-27 02:07:05.841674,Operations,Director,Part-time,24.0,1.0,phd,82956.0,0.185,3.0,1.0,98.4,1
EMP0349,2018-03-02 09:52:14.849863,Marketing,Lead,Contract,50.0,15.0,Bachelor,35024.0,0.276,4.0,2.0,12.6,1
EMP0350,2018-03-05 17:37:23.858052,Finance,Mid,Intern,59.0,23.0,phd,96650.0,0.074,3.0,4.0,0.3,1
EMP0351,2018-03-09 01:22:32.866242,Sales,Manager,Part-time,23.0,3.0,bachelor,31851.0,,3.0,2.0,3.1,1
EMP0352,2018-03-12 09:07:41.874431,Marketing,Senior,Contract,44.0,12.0,MASTER,36592.0,0.171,5.0,1.0,22.6,0
EMP0353,2018-03-15 16:52:50.882620,Sales,Senior,Intern,63.0,2.0,Master,96990.0,0.174,,3.0,5.1,0
EMP0354,2018-03-19 00:37:59.890809,IT,Manager,Intern,64.0,2.0,bachelor,73956.0,0.249,4.0,4.0,16.2,0
EMP0355,2018-03-22 08:23:08.898999,IT,Mid,Intern,55.0,1.0,MASTER,952212.4031640841,,5.0,4.0,8.4,1
EMP0356,2018-03-25 16:08:17.907188,Marketing,Junior,Contract,24.0,1.0,MASTER,72781.0,0.009,3.0,0.0,3.0,0
EMP0357,2018-03-28 23:53:26.915377,Finance,Manager,Full-time,24.0,29.0,High School,37538.0,0.075,4.0,1.0,18.7,1
EMP0358,2018-04-01 07:38:35.923566,Engineering,Manager,Intern,35.0,26.0,PhD,26399.0,0.147,4.0,,21.3,0
EMP0359,2018-04-04 15:23:44.931756,Engineering,Director,Contract,53.0,22.0,Bachelor,75798.0,0.262,4.0,,59.6,0
EMP0360,2018-04-07 23:08:53.939945,Operations,Director,Intern,44.0,21.0,MASTER,73450.0,0.138,2.0,3.0,7.6,0
EMP0361,2018-04-11 06:54:02.948134,Sales,Manager,Intern,36.0,3.0,Master,57797.0,0.142,4.0,0.0,55.5,0
EMP0362,2018-04-14 14:39:11.956323,Finance,Mid,Full-time,61.0,24.0,phd,68696.0,0.159,5.0,2.0,6.2,0
EMP0363,2018-04-17 22:24:20.964513,Operations,Senior,Contract,61.0,5.0,phd,36811.0,0.232,3.0,,24.0,0
EMP0364,2018-04-21 06:09:29.972702,Sales,Senior,Intern,44.0,6.0,MASTER,23033.0,0.009,4.0,5.0,2.7,0
EMP0365,2018-04-24 13:54:38.980891,Legal,Director,Intern,58.0,28.0,PhD,85848.0,0.131,3.0,0.0,33.5,0
EMP0366,2018-04-27 21:39:47.989080,Legal,Director,Intern,63.0,13.0,phd,140217.0,0.037,3.0,,21.7,0
EMP0367,2018-05-01 05:24:56.997270,Finance,Junior,Part-time,51.0,3.0,,49115.0,0.142,3.0,5.0,4.4,1
EMP0368,2018-05-04 13:10:06.005459,Marketing,Manager,Intern,44.0,1.0,High School,70638.0,0.158,2.0,5.0,79.1,0
EMP0369,2018-05-07 20:55:15.013648,Legal,Manager,Contract,27.0,28.0,phd,33043.0,0.003,4.0,5.0,1.6,0
EMP0370,2018-05-11 04:40:24.021838,Operations,Mid,Part-time,30.0,4.0,Master,19789.0,0.235,5.0,,16.6,1
EMP0371,2018-05-14 12:25:33.030027,Engineering,Junior,Contract,63.0,5.0,bachelor,51430.0,0.019,3.0,3.0,28.3,0
EMP0372,2018-05-17 20:10:42.038216,HR,Director,Intern,,10.0,High School,62518.0,0.017,4.0,1.0,2.8,0
EMP0373,2018-05-21 03:55:51.046405,Marketing,Director,Full-time,31.0,8.0,PhD,54832.0,0.19,5.0,1.0,4.0,1
EMP0374,2018-05-24 11:41:00.054595,Legal,Mid,Contract,63.0,18.0,phd,71761.0,0.144,4.0,,0.6,0
EMP0375,2018-05-27 19:26:09.062784,Finance,Lead,Intern,22.0,5.0,MASTER,43808.0,0.184,5.0,3.0,21.4,0
EMP0376,2018-05-31 03:11:18.070973,IT,Manager,Part-time,40.0,3.0,bachelor,29572.0,0.056,3.0,4.0,32.0,0
EMP0377,2018-06-03 10:56:27.079162,IT,Mid,Full-time,49.0,9.0,MASTER,136148.0,0.004,1.0,4.0,40.9,0
EMP0378,2018-06-06 18:41:36.087352,Engineering,Junior,Contract,25.0,6.0,phd,74836.0,0.085,4.0,3.0,41.2,0
EMP0379,2018-06-10 02:26:45.095541,Legal,Director,Intern,29.0,10.0,Master,12969.0,0.024,1.0,,21.2,0
EMP0380,2018-06-13 10:11:54.103730,HR,Manager,Intern,30.0,0.0,,26422.0,0.248,3.0,1.0,16.1,0
EMP0381,2018-06-16 17:57:03.111919,Sales,Senior,Contract,63.0,9.0,phd,124823.0,0.287,3.0,0.0,3.8,0
EMP0382,2018-06-20 01:42:12.120109,HR,Mid,Full-time,54.0,29.0,Master,69417.0,0.267,4.0,2.0,0.7,0
EMP0383,2018-06-23 09:27:21.128298,Legal,Mid,Intern,26.0,27.0,Bachelor,31953.0,0.055,,0.0,84.6,0
EMP0384,2018-06-26 17:12:30.136487,Engineering,Director,Contract,28.0,25.0,Master,36574.0,0.263,2.0,5.0,43.1,0
EMP0385,2018-06-30 00:57:39.144676,Finance,Junior,Contract,59.0,10.0,MASTER,84601.0,0.094,3.0,2.0,6.5,0
EMP0386,2018-07-03 08:42:48.152866,Finance,Manager,Intern,30.0,7.0,bachelor,34480.0,0.236,3.0,0.0,2.7,1
EMP0387,2018-07-06 16:27:57.161055,HR,Mid,Intern,39.0,3.0,PhD,24682.0,,2.0,2.0,36.5,0
EMP0388,2018-07-10 00:13:06.169244,Operations,Director,Part-time,53.0,16.0,,35338.0,0.102,1.0,,9.7,0
EMP0389,2018-07-13 07:58:15.177434,Marketing,Lead,Part-time,64.0,8.0,Bachelor,32070.0,0.093,4.0,,17.2,0
EMP0390,2018-07-16 15:43:24.185623,Finance,Senior,Intern,64.0,2.0,Master,41056.0,0.214,3.0,1.0,63.6,1
EMP0391,2018-07-19 23:28:33.193812,IT,Director,Part-time,43.0,0.0,PhD,32397.0,0.111,5.0,2.0,41.9,0
EMP0392,2018-07-23 07:13:42.202001,Operations,Lead,Part-time,22.0,5.0,MASTER,28579.0,0.204,4.0,3.0,13.1,0
EMP0393,2018-07-26 14:58:51.210191,Legal,Mid,Intern,57.0,17.0,MASTER,158694.0,0.156,4.0,4.0,1.6,0
EMP0394,2018-07-29 22:44:00.218380,IT,Mid,Full-time,57.0,11.0,PhD,40442.0,0.023,4.0,1.0,1.4,0
EMP0395,2018-08-02 06:29:09.226569,Sales,Senior,Full-time,23.0,24.0,PhD,101786.0,0.174,3.0,3.0,36.4,0
EMP0396,2018-08-05 14:14:18.234758,IT,Manager,Part-time,45.0,9.0,MASTER,87318.0,0.245,3.0,,28.1,0
EMP0397,2018-08-08 21:59:27.242948,Operations,Lead,Part-time,35.0,7.0,High School,105311.0,0.002,3.0,1.0,45.9,0
EMP0398,2018-08-12 05:44:36.251137,Legal,Manager,Contract,,16.0,High School,71520.0,0.155,2.0,3.0,30.3,0
EMP0399,2018-08-15 13:29:45.259326,Operations,Manager,Full-time,24.0,1.0,High School,91057.0,0.186,4.0,0.0,25.1,0
EMP0400,2018-08-18 21:14:54.267515,HR,Senior,Part-time,33.0,1.0,bachelor,36611.0,0.192,3.0,3.0,69.3,0
EMP0401,2018-08-22 05:00:03.275705,Engineering,Director,Contract,56.0,27.0,MASTER,48662.0,0.037,1.0,0.0,18.7,0
EMP0402,2018-08-25 12:45:12.283894,HR,Mid,Intern,46.0,21.0,phd,95410.0,0.166,2.0,5.0,10.3,0
EMP0403,2018-08-28 20:30:21.292083,Operations,Senior,Contract,43.0,12.0,,57981.0,0.297,2.0,4.0,2.3,0
EMP0404,2018-09-01 04:15:30.300272,HR,Director,Full-time,50.0,24.0,Bachelor,28705.0,0.251,1.0,2.0,18.7,0
EMP0405,2018-09-04 12:00:39.308462,Sales,Director,Full-time,25.0,21.0,PhD,88140.0,0.133,4.0,5.0,45.7,0
EMP0406,2018-09-07 19:45:48.316651,IT,Mid,Part-time,55.0,27.0,phd,44123.0,0.015,3.0,0.0,23.8,0
EMP0407,2018-09-11 03:30:57.324840,Sales,Director,Part-time,27.0,1.0,phd,41603.0,0.21,4.0,5.0,6.1,0
EMP0408,2018-09-14 11:16:06.333030,Sales,Junior,Intern,57.0,25.0,bachelor,72086.0,0.186,3.0,5.0,12.9,0
EMP0409,2018-09-17 19:01:15.341219,Finance,Junior,Part-time,47.0,14.0,bachelor,,0.286,3.0,0.0,7.3,0
EMP0410,2018-09-21 02:46:24.349408,Marketing,Lead,Full-time,34.0,24.0,High School,68539.0,0.141,2.0,0.0,31.4,0
EMP0411,2018-09-24 10:31:33.357597,Engineering,Mid,Part-time,63.0,9.0,PhD,38097.0,0.282,4.0,,29.9,0
EMP0412,2018-09-27 18:16:42.365787,IT,Junior,Full-time,,7.0,High School,37633.0,0.097,5.0,3.0,143.1,0
EMP0413,2018-10-01 02:01:51.373976,Legal,Manager,Intern,47.0,0.0,Bachelor,66107.0,0.017,2.0,3.0,25.9,0
EMP0414,2018-10-04 09:47:00.382165,HR,Mid,Intern,55.0,18.0,,59931.0,0.133,4.0,,43.8,0
EMP0415,2018-10-07 17:32:09.390354,HR,Senior,Part-time,31.0,18.0,Bachelor,75581.0,0.029,5.0,0.0,34.1,0
EMP0416,2018-10-11 01:17:18.398544,HR,Mid,Full-time,61.0,11.0,PhD,28109.0,0.273,4.0,3.0,16.7,0
EMP0417,2018-10-14 09:02:27.406733,Legal,Manager,Full-time,30.0,22.0,Bachelor,35724.0,,5.0,0.0,18.0,1
EMP0418,2018-10-17 16:47:36.414922,Marketing,Senior,Contract,42.0,27.0,bachelor,64475.0,0.085,4.0,4.0,22.8,1
EMP0419,2018-10-21 00:32:45.423111,Engineering,Mid,Intern,55.0,5.0,MASTER,54277.0,0.153,4.0,0.0,2.5,0
EMP0420,2018-10-24 08:17:54.431301,Marketing,Lead,Full-time,46.0,23.0,High School,83615.0,0.139,1.0,2.0,4.4,1
EMP0421,2018-10-27 16:03:03.439490,Sales,Senior,Contract,64.0,28.0,Bachelor,57858.0,0.071,3.0,,20.6,1
EMP0422,2018-10-30 23:48:12.447679,Finance,Lead,Full-time,56.0,17.0,PhD,54790.0,0.094,3.0,,0.5,0
EMP0423,2018-11-03 07:33:21.455868,Finance,Senior,Part-time,42.0,5.0,PhD,31058.0,0.115,4.0,2.0,11.0,0
EMP0424,2018-11-06 15:18:30.464058,Operations,Lead,Intern,59.0,12.0,High School,38691.0,0.115,4.0,3.0,21.7,0
EMP0425,2018-11-09 23:03:39.472247,HR,Mid,Part-time,31.0,24.0,phd,36036.0,0.282,4.0,0.0,1.3,0
EMP0426,2018-11-13 06:48:48.480436,HR,Senior,Intern,44.0,18.0,MASTER,57193.0,0.216,5.0,5.0,20.3,0
EMP0427,2018-11-16 14:33:57.488626,Finance,Mid,Full-time,60.0,3.0,,23453.0,0.126,4.0,1.0,0.9,0
EMP0428,2018-11-19 22:19:06.496815,Finance,Junior,Part-time,39.0,12.0,bachelor,115920.0,0.187,,3.0,23.7,0
EMP0429,2018-11-23 06:04:15.505004,IT,Lead,Part-time,,0.0,bachelor,,,4.0,1.0,16.7,0
EMP0430,2018-11-26 13:49:24.513193,HR,Director,Contract,35.0,21.0,,,0.204,4.0,2.0,11.6,0
EMP0431,2018-11-29 21:34:33.521383,IT,Director,Intern,40.0,18.0,MASTER,63376.0,0.243,5.0,3.0,16.6,0
EMP0432,2018-12-03 05:19:42.529572,IT,Junior,Intern,52.0,0.0,PhD,27866.0,0.258,2.0,,4.9,0
EMP0433,2018-12-06 13:04:51.537761,Operations,Mid,Contract,26.0,23.0,MASTER,39436.0,,4.0,0.0,104.7,0
EMP0434,2018-12-09 20:50:00.545950,Finance,Junior,Part-time,48.0,18.0,MASTER,103412.0,0.096,5.0,0.0,8.6,1
EMP0435,2018-12-13 04:35:09.554140,Legal,Manager,Full-time,,8.0,,16018.0,0.191,3.0,5.0,11.0,0
EMP0436,2018-12-16 12:20:18.562329,Marketing,Director,Contract,49.0,21.0,Bachelor,70128.0,,2.0,,3.4,0
EMP0437,2018-12-19 20:05:27.570518,Engineering,Director,Intern,33.0,1.0,phd,55243.0,,5.0,4.0,28.4,0
EMP0438,2018-12-23 03:50:36.578707,Operations,Lead,Part-time,59.0,17.0,bachelor,106830.0,0.044,3.0,4.0,23.3,0
EMP0439,2018-12-26 11:35:45.586897,HR,Director,Contract,55.0,28.0,MASTER,49725.0,0.284,4.0,2.0,42.2,0
EMP0440,2018-12-29 19:20:54.595086,Finance,Lead,Intern,59.0,17.0,bachelor,,0.051,2.0,5.0,4.2,0
EMP0441,2019-01-02 03:06:03.603275,IT,Senior,Intern,44.0,28.0,Bachelor,35490.0,,4.0,2.0,2.4,0
EMP0442,2019-01-05 10:51:12.611464,Marketing,Senior,Part-time,53.0,7.0,Master,44578.0,0.055,4.0,,7.9,0
EMP0443,2019-01-08 18:36:21.619654,Finance,Mid,Intern,43.0,4.0,phd,26726.0,0.103,3.0,0.0,43.1,0
EMP0444,2019-01-12 02:21:30.627843,Engineering,Manager,Intern,46.0,3.0,Bachelor,33470.0,0.158,2.0,4.0,3.5,0
EMP0445,2019-01-15 10:06:39.636032,Sales,Manager,Contract,33.0,21.0,High School,40345.0,0.006,4.0,1.0,0.5,1
EMP0446,2019-01-18 17:51:48.644222,Engineering,Manager,Full-time,26.0,7.0,bachelor,38286.0,0.24,,2.0,118.2,0
EMP0447,2019-01-22 01:36:57.652411,Finance,Manager,Contract,46.0,15.0,PhD,27456.0,0.021,3.0,1.0,49.2,0
EMP0448,2019-01-25 09:22:06.660600,Legal,Manager,Intern,32.0,6.0,Master,52819.0,0.272,,,45.6,0
EMP0449,2019-01-28 17:07:15.668789,Engineering,Mid,Intern,,18.0,,45888.0,0.162,3.0,2.0,16.3,0
EMP0450,2019-02-01 00:52:24.676979,Finance,Manager,Part-time,48.0,16.0,High School,17337.0,,3.0,1.0,6.9,0
EMP0451,2019-02-04 08:37:33.685168,HR,Lead,Contract,,18.0,High School,45011.0,0.279,4.0,4.0,102.8,1
EMP0452,2019-02-07 16:22:42.693357,HR,Mid,Contract,54.0,1.0,bachelor,12555.0,,3.0,3.0,2.1,0
EMP0453,2019-02-11 00:07:51.701546,HR,Senior,Intern,51.0,9.0,bachelor,50290.0,0.212,4.0,,13.2,0
EMP0454,2019-02-14 07:53:00.709736,HR,Senior,Contract,53.0,22.0,bachelor,21875.0,0.013,2.0,4.0,24.1,0
EMP0455,2019-02-17 15:38:09.717925,Legal,Manager,Contract,52.0,1.0,High School,67154.0,0.135,3.0,5.0,6.4,0
EMP0456,2019-02-20 23:23:18.726114,Sales,Mid,Contract,35.0,7.0,PhD,27265.0,0.259,4.0,2.0,3.3,0
EMP0457,2019-02-24 07:08:27.734303,IT,Director,Part-time,54.0,29.0,bachelor,44919.0,0.192,2.0,2.0,21.2,1
EMP0458,2019-02-27 14:53:36.742493,Finance,Junior,Part-time,43.0,2.0,,60501.0,0.027,4.0,0.0,19.7,0
EMP0459,2019-03-02 22:38:45.750682,Finance,Mid,Intern,54.0,7.0,High School,37218.0,0.017,4.0,1.0,17.0,0
EMP0460,2019-03-06 06:23:54.758871,Engineering,Senior,Contract,28.0,23.0,phd,25059.0,0.068,4.0,,18.6,1
EMP0461,2019-03-09 14:09:03.767060,IT,Director,Part-time,53.0,15.0,PhD,72231.0,,2.0,0.0,12.6,1
EMP0462,2019-03-12 21:54:12.775250,Marketing,Senior,Part-time,42.0,25.0,MASTER,127993.0,,2.0,5.0,33.8,0
EMP0463,2019-03-16 05:39:21.783439,Marketing,Senior,Part-time,28.0,18.0,MASTER,49238.0,0.062,2.0,2.0,3.3,0
EMP0464,2019-03-19 13:24:30.791628,IT,Director,Intern,42.0,20.0,High School,37543.0,0.19,4.0,,5.0,0
EMP0465,2019-03-22 21:09:39.799818,HR,Senior,Intern,45.0,11.0,phd,48942.0,0.075,2.0,4.0,2.6,0
EMP0466,2019-03-26 04:54:48.808007,Engineering,Lead,Part-time,38.0,16.0,MASTER,69752.0,0.007,3.0,4.0,44.9,1
EMP0467,2019-03-29 12:39:57.816196,Sales,Lead,Intern,64.0,20.0,phd,75356.0,0.01,5.0,5.0,4.9,0
EMP0468,2019-04-01 20:25:06.824385,IT,Mid,Contract,38.0,23.0,phd,55971.0,0.089,1.0,2.0,13.1,0
EMP0469,2019-04-05 04:10:15.832575,HR,Lead,Contract,51.0,8.0,Bachelor,103210.0,0.007,4.0,4.0,33.0,0
EMP0470,2019-04-08 11:55:24.840764,IT,Mid,Contract,62.0,7.0,PhD,44987.0,,2.0,1.0,24.3,0
EMP0471,2019-04-11 19:40:33.848953,Finance,Senior,Intern,34.0,7.0,Master,52313.0,0.163,4.0,5.0,11.7,0
EMP0472,2019-04-15 03:25:42.857142,IT,Mid,Full-time,,0.0,High School,129973.0,0.188,4.0,,7.3,0
EMP0473,2019-04-18 11:10:51.865332,IT,Manager,Full-time,23.0,6.0,MASTER,17733.0,0.225,4.0,3.0,3.7,0
EMP0474,2019-04-21 18:56:00.873521,HR,Senior,Contract,39.0,6.0,Bachelor,71159.0,0.034,4.0,,5.0,1
EMP0475,2019-04-25 02:41:09.881710,Finance,Mid,Part-time,40.0,11.0,bachelor,146289.0,0.137,5.0,4.0,32.8,0
EMP0476,2019-04-28 10:26:18.889899,IT,Director,Part-time,38.0,11.0,bachelor,26062.0,0.255,3.0,4.0,7.4,0
EMP0477,2019-05-01 18:11:27.898089,Operations,Junior,Full-time,58.0,3.0,Master,75562.0,0.259,5.0,1.0,1.6,0
EMP0478,2019-05-05 01:56:36.906278,Finance,Mid,Intern,46.0,26.0,High School,94962.0,0.089,1.0,2.0,27.1,0
EMP0479,2019-05-08 09:41:45.914467,Marketing,Junior,Intern,64.0,22.0,Bachelor,42838.0,0.117,4.0,4.0,27.4,0
EMP0480,2019-05-11 17:26:54.922656,IT,Junior,Part-time,45.0,10.0,Bachelor,25657.0,0.189,3.0,5.0,6.2,0
EMP0481,2019-05-15 01:12:03.930846,HR,Director,Intern,52.0,22.0,PhD,45253.0,0.041,2.0,5.0,0.8,0
EMP0482,2019-05-18 08:57:12.939035,Legal,Lead,Part-time,30.0,24.0,Master,26356.0,0.056,4.0,5.0,46.4,0
EMP0483,2019-05-21 16:42:21.947224,Legal,Senior,Intern,25.0,24.0,PhD,42617.0,,2.0,5.0,5.5,0
EMP0484,2019-05-25 00:27:30.955414,Sales,Manager,Full-time,53.0,23.0,MASTER,84183.0,0.058,3.0,,43.9,0
EMP0485,2019-05-28 08:12:39.963603,Finance,Lead,Part-time,58.0,11.0,PhD,61284.0,0.118,1.0,,10.7,1
EMP0486,2019-05-31 15:57:48.971792,Sales,Lead,Intern,58.0,5.0,bachelor,31986.0,0.045,3.0,5.0,6.6,0
EMP0487,2019-06-03 23:42:57.979981,Engineering,Manager,Full-time,42.0,12.0,PhD,86988.0,0.0,3.0,0.0,10.4,0
EMP0488,2019-06-07 07:28:06.988171,Marketing,Lead,Part-time,58.0,10.0,MASTER,35455.0,0.14,5.0,5.0,11.1,1
EMP0489,2019-06-10 15:13:15.996360,Engineering,Senior,Intern,25.0,22.0,Master,66160.0,0.102,,5.0,4.1,1
EMP0490,2019-06-13 22:58:25.004549,Legal,Senior,Full-time,40.0,29.0,High School,47643.0,0.163,1.0,5.0,70.8,0
EMP0491,2019-06-17 06:43:34.012738,Finance,Mid,Part-time,38.0,22.0,Master,98940.0,0.077,4.0,3.0,1.4,0
EMP0492,2019-06-20 14:28:43.020928,Finance,Senior,Contract,26.0,11.0,High School,23717.0,0.241,3.0,5.0,6.0,0
EMP0493,2019-06-23 22:13:52.029117,Legal,Junior,Contract,27.0,25.0,Master,,0.095,3.0,,8.4,0
EMP0494,2019-06-27 05:59:01.037306,Legal,Junior,Full-time,47.0,8.0,Master,29647.0,0.3,2.0,5.0,6.8,0
EMP0495,2019-06-30 13:44:10.045495,Finance,Junior,Part-time,54.0,29.0,phd,55147.0,0.124,3.0,0.0,7.7,0
EMP0496,2019-07-03 21:29:19.053685,Operations,Mid,Intern,39.0,23.0,bachelor,68712.0,0.197,4.0,3.0,5.4,0
EMP0497,2019-07-07 05:14:28.061874,HR,Senior,Part-time,61.0,1.0,PhD,43692.0,0.16,2.0,3.0,23.2,0
EMP0498,2019-07-10 12:59:37.070063,Legal,Lead,Intern,54.0,15.0,bachelor,61720.0,,4.0,2.0,6.4,0
EMP0499,2019-07-13 20:44:46.078252,Operations,Senior,Part-time,34.0,3.0,PhD,50443.0,0.249,3.0,5.0,17.3,0
EMP0500,2019-07-17 04:29:55.086442,Legal,Manager,Full-time,55.0,6.0,phd,93627.0,0.288,5.0,,83.6,1
EMP0501,2019-07-20 12:15:04.094631,Marketing,Director,Contract,29.0,20.0,bachelor,15408.0,0.275,3.0,1.0,5.9,0
EMP0502,2019-07-23 20:00:13.102820,Engineering,Lead,Contract,22.0,5.0,High School,51151.0,0.102,3.0,5.0,38.3,0
EMP0503,2019-07-27 03:45:22.111010,HR,Manager,Full-time,23.0,26.0,Master,46212.0,0.105,4.0,,23.4,0
EMP0504,2019-07-30 11:30:31.119199,Marketing,Senior,Intern,56.0,27.0,phd,31837.0,,5.0,0.0,29.1,0
EMP0505,2019-08-02 19:15:40.127388,Finance,Director,Part-time,22.0,17.0,Master,41620.0,0.136,4.0,2.0,26.9,0
EMP0506,2019-08-06 03:00:49.135577,Marketing,Director,Intern,26.0,5.0,phd,55206.0,0.205,3.0,3.0,1.8,0
EMP0507,2019-08-09 10:45:58.143767,Operations,Lead,Contract,51.0,13.0,High School,38735.0,0.05,5.0,,8.6,1
EMP0508,2019-08-12 18:31:07.151956,Engineering,Junior,Part-time,33.0,24.0,phd,42948.0,0.086,3.0,1.0,9.6,0
EMP0509,2019-08-16 02:16:16.160145,Operations,Senior,Contract,43.0,29.0,MASTER,62563.0,0.186,3.0,3.0,86.0,0
EMP0510,2019-08-19 10:01:25.168334,Finance,Director,Intern,34.0,2.0,bachelor,52299.0,,3.0,1.0,62.4,1
EMP0511,2019-08-22 17:46:34.176524,Operations,Junior,Full-time,60.0,7.0,,21647.0,0.113,5.0,1.0,2.8,0
EMP0512,2019-08-26 01:31:43.184713,Engineering,Lead,Intern,58.0,0.0,Bachelor,54311.0,0.111,5.0,2.0,17.2,1
EMP0513,2019-08-29 09:16:52.192902,Sales,Manager,Contract,47.0,3.0,,22819.0,0.223,3.0,,0.7,0
EMP0514,2019-09-01 17:02:01.201091,Operations,Director,Intern,41.0,22.0,bachelor,,0.144,2.0,2.0,37.6,0
EMP0515,2019-09-05 00:47:10.209281,Engineering,Director,Intern,40.0,20.0,High School,170477.0,0.281,3.0,4.0,60.2,0
EMP0516,2019-09-08 08:32:19.217470,Sales,Senior,Full-time,42.0,17.0,Master,151986.0,0.059,4.0,3.0,49.3,0
EMP0517,2019-09-11 16:17:28.225659,HR,Mid,Intern,49.0,13.0,bachelor,134468.0,0.238,5.0,,9.2,0
EMP0518,2019-09-15 00:02:37.233848,Marketing,Director,Full-time,33.0,0.0,phd,67906.0,0.186,4.0,,46.2,0
EMP0519,2019-09-18 07:47:46.242038,IT,Director,Part-time,56.0,9.0,High School,99131.0,0.002,1.0,1.0,16.1,0
EMP0520,2019-09-21 15:32:55.250227,IT,Mid,Intern,28.0,29.0,MASTER,176182.0,0.017,3.0,4.0,1.5,0
EMP0521,2019-09-24 23:18:04.258416,Legal,Senior,Full-time,60.0,28.0,Master,87969.0,0.203,4.0,2.0,43.4,0
EMP0522,2019-09-28 07:03:13.266606,Marketing,Junior,Contract,35.0,15.0,,81982.0,0.13,5.0,,1.4,0
EMP0523,2019-10-01 14:48:22.274795,Operations,Mid,Full-time,62.0,5.0,PhD,27668.0,0.234,1.0,4.0,6.8,0
EMP0524,2019-10-04 22:33:31.282984,IT,Mid,Contract,35.0,4.0,bachelor,19707.0,0.194,4.0,4.0,2.6,0
EMP0525,2019-10-08 06:18:40.291173,Legal,Junior,Intern,22.0,0.0,High School,29146.0,0.041,3.0,4.0,45.6,0
EMP0526,2019-10-11 14:03:49.299363,Finance,Mid,Contract,37.0,7.0,phd,99069.0,0.116,,3.0,19.8,0
EMP0527,2019-10-14 21:48:58.307552,Operations,Lead,Contract,25.0,14.0,High School,34018.0,0.117,2.0,,22.1,0
EMP0528,2019-10-18 05:34:07.315741,Engineering,Lead,Full-time,25.0,21.0,MASTER,64155.0,0.266,4.0,3.0,3.4,1
EMP0529,2019-10-21 13:19:16.323930,IT,Junior,Intern,32.0,19.0,phd,50179.0,0.289,4.0,4.0,38.9,0
EMP0530,2019-10-24 21:04:25.332120,Operations,Lead,Intern,41.0,27.0,phd,38555.0,0.012,3.0,2.0,6.0,0
EMP0531,2019-10-28 04:49:34.340309,Operations,Manager,Full-time,46.0,5.0,Bachelor,55255.0,0.002,2.0,,36.1,0
EMP0532,2019-10-31 12:34:43.348498,Sales,Lead,Intern,47.0,0.0,PhD,120893.0,0.163,4.0,5.0,28.4,0
EMP0533,2019-11-03 20:19:52.356687,Sales,Mid,Part-time,37.0,7.0,phd,33214.0,0.077,4.0,3.0,1.7,1
EMP0534,2019-11-07 04:05:01.364877,HR,Lead,Part-time,35.0,14.0,phd,,0.043,4.0,,19.5,0
EMP0535,2019-11-10 11:50:10.373066,HR,Senior,Part-time,33.0,8.0,bachelor,39367.0,0.001,4.0,4.0,9.5,0
EMP0536,2019-11-13 19:35:19.381255,Engineering,Lead,Full-time,44.0,12.0,MASTER,53386.0,0.291,4.0,1.0,2.4,0
EMP0537,2019-11-17 03:20:28.389444,Sales,Senior,Intern,56.0,14.0,,57379.0,0.199,3.0,,7.2,1
EMP0538,2019-11-20 11:05:37.397634,Finance,Junior,Contract,54.0,18.0,Bachelor,31084.0,0.176,5.0,2.0,23.7,0
EMP0539,2019-11-23 18:50:46.405823,Operations,Mid,Contract,36.0,3.0,High School,84236.0,0.18,4.0,3.0,2.6,0
EMP0540,2019-11-27 02:35:55.414012,Sales,Junior,Contract,48.0,18.0,Bachelor,85662.0,0.22,5.0,2.0,24.7,0
EMP0541,2019-11-30 10:21:04.422202,Sales,Mid,Full-time,60.0,28.0,Bachelor,352004.0,0.292,4.0,0.0,55.5,0
EMP0542,2019-12-03 18:06:13.430391,Operations,Manager,Contract,,24.0,Master,104957.0,0.178,5.0,2.0,28.0,0
EMP0543,2019-12-07 01:51:22.438580,Finance,Lead,Intern,41.0,15.0,bachelor,31806.0,0.027,2.0,3.0,19.0,1
EMP0544,2019-12-10 09:36:31.446769,Engineering,Junior,Full-time,33.0,14.0,High School,90233.0,0.02,4.0,4.0,4.9,0
EMP0545,2019-12-13 17:21:40.454959,Legal,Junior,Full-time,34.0,12.0,bachelor,156053.0,0.24,4.0,2.0,7.6,0
EMP0546,2019-12-17 01:06:49.463148,HR,Manager,Intern,22.0,26.0,PhD,67847.0,0.266,4.0,,7.8,0
EMP0547,2019-12-20 08:51:58.471337,Sales,Director,Part-time,32.0,11.0,bachelor,102278.0,0.294,3.0,0.0,8.6,1
EMP0548,2019-12-23 16:37:07.479526,Sales,Mid,Part-time,61.0,28.0,bachelor,22498.0,0.058,4.0,4.0,50.5,0
EMP0549,2019-12-27 00:22:16.487716,IT,Junior,Intern,43.0,6.0,High School,35842.0,0.29,4.0,,66.1,0
EMP0550,2019-12-30 08:07:25.495905,IT,Mid,Contract,35.0,12.0,Master,68637.0,0.159,3.0,2.0,41.6,1
EMP0551,2020-01-02 15:52:34.504094,Sales,Mid,Contract,29.0,7.0,MASTER,64971.0,0.038,,5.0,31.6,0
EMP0552,2020-01-05 23:37:43.512283,Legal,Director,Intern,,21.0,bachelor,34573.0,0.069,3.0,1.0,39.6,0
EMP0553,2020-01-09 07:22:52.520473,Operations,Senior,Full-time,28.0,25.0,bachelor,49064.0,0.281,5.0,2.0,84.0,1
EMP0554,2020-01-12 15:08:01.528662,Engineering,Junior,Contract,45.0,5.0,bachelor,40011.0,0.206,4.0,5.0,33.6,0
EMP0555,2020-01-15 22:53:10.536851,Engineering,Mid,Part-time,25.0,8.0,PhD,43567.0,0.203,3.0,5.0,1.5,1
EMP0556,2020-01-19 06:38:19.545040,Marketing,Lead,Part-time,59.0,13.0,High School,,0.115,3.0,1.0,38.1,0
EMP0557,2020-01-22 14:23:28.553230,Marketing,Senior,Contract,27.0,17.0,MASTER,16325.0,0.051,4.0,1.0,55.7,0
EMP0558,2020-01-25 22:08:37.561419,Legal,Mid,Intern,33.0,16.0,bachelor,36812.0,0.099,2.0,1.0,33.6,0
EMP0559,2020-01-29 05:53:46.569608,Sales,Lead,Full-time,44.0,20.0,bachelor,41525.0,0.257,4.0,0.0,35.7,1
EMP0560,2020-02-01 13:38:55.577797,Engineering,Lead,Part-time,33.0,12.0,Bachelor,62207.0,0.23,4.0,0.0,11.7,0
EMP0561,2020-02-04 21:24:04.585987,HR,Director,Part-time,61.0,24.0,Bachelor,22694.0,0.167,3.0,4.0,40.5,0
EMP0562,2020-02-08 05:09:13.594176,IT,Manager,Full-time,45.0,25.0,Master,32046.0,0.259,5.0,5.0,18.1,0
EMP0563,2020-02-11 12:54:22.602365,Marketing,Manager,Contract,41.0,13.0,High School,35699.0,,2.0,3.0,14.1,0
EMP0564,2020-02-14 20:39:31.610555,Sales,Lead,Part-time,39.0,15.0,MASTER,,0.233,5.0,5.0,10.9,0
EMP0565,2020-02-18 04:24:40.618744,Engineering,Senior,Contract,29.0,14.0,MASTER,30778.0,0.16,4.0,5.0,2.9,0
EMP0566,2020-02-21 12:09:49.626933,HR,Mid,Intern,40.0,0.0,Bachelor,51538.0,0.007,5.0,1.0,12.4,0
EMP0567,2020-02-24 19:54:58.635122,Finance,Manager,Part-time,24.0,5.0,bachelor,65253.0,0.267,4.0,,25.8,0
EMP0568,2020-02-28 03:40:07.643312,Finance,Manager,Contract,49.0,7.0,phd,104350.0,0.163,5.0,4.0,21.7,0
EMP0569,2020-03-02 11:25:16.651501,HR,Senior,Part-time,61.0,13.0,Master,15759.0,0.016,2.0,0.0,17.1,0
EMP0570,2020-03-05 19:10:25.659690,Sales,Manager,Intern,37.0,13.0,Bachelor,29751.0,0.043,2.0,3.0,7.4,1
EMP0571,2020-03-09 02:55:34.667879,Engineering,Lead,Full-time,55.0,10.0,Master,41209.0,0.091,4.0,2.0,6.8,0
EMP0572,2020-03-12 10:40:43.676069,HR,Manager,Intern,52.0,24.0,,40111.0,0.151,,2.0,40.4,0
EMP0573,2020-03-15 18:25:52.684258,IT,Manager,Contract,47.0,5.0,Bachelor,48973.0,0.048,,1.0,9.5,0
EMP0574,2020-03-19 02:11:01.692447,Finance,Manager,Part-time,30.0,13.0,High School,27389.0,0.107,4.0,1.0,10.8,0
EMP0575,2020-03-22 09:56:10.700636,Marketing,Senior,Contract,44.0,23.0,bachelor,86872.0,0.178,1.0,,50.8,0
EMP0576,2020-03-25 17:41:19.708826,Sales,Senior,Intern,42.0,19.0,MASTER,58821.0,0.08,2.0,2.0,0.5,0
EMP0577,2020-03-29 01:26:28.717015,Sales,Manager,Full-time,22.0,5.0,phd,74571.0,0.056,,3.0,9.9,0
EMP0578,2020-04-01 09:11:37.725204,Marketing,Senior,Intern,51.0,17.0,MASTER,30474.0,0.269,3.0,,0.2,1
EMP0579,2020-04-04 16:56:46.733393,Finance,Lead,Contract,26.0,10.0,,37568.0,0.253,3.0,3.0,15.9,0
EMP0580,2020-04-08 00:41:55.741583,HR,Junior,Contract,55.0,20.0,phd,23211.0,0.179,3.0,3.0,1.6,0
EMP0581,2020-04-11 08:27:04.749772,Marketing,Director,Contract,22.0,9.0,bachelor,29777.0,0.271,4.0,2.0,19.6,0
EMP0582,2020-04-14 16:12:13.757961,Sales,Director,Full-time,34.0,9.0,High School,19269.0,0.13,5.0,3.0,9.2,0
EMP0583,2020-04-17 23:57:22.766151,IT,Director,Full-time,24.0,6.0,High School,,0.18,2.0,5.0,27.8,0
EMP0584,2020-04-21 07:42:31.774340,IT,Lead,Intern,22.0,6.0,MASTER,64488.0,0.292,1.0,4.0,10.4,0
EMP0585,2020-04-24 15:27:40.782529,HR,Manager,Intern,29.0,22.0,Bachelor,94146.0,0.006,3.0,3.0,10.7,0
EMP0586,2020-04-27 23:12:49.790718,Operations,Manager,Part-time,34.0,8.0,bachelor,43601.0,0.163,5.0,3.0,0.6,0
EMP0587,2020-05-01 06:57:58.798908,HR,Junior,Full-time,28.0,20.0,MASTER,43799.0,0.043,4.0,2.0,5.3,0
EMP0588,2020-05-04 14:43:07.807097,Engineering,Lead,Full-time,32.0,11.0,Bachelor,66403.0,0.13,3.0,3.0,22.8,0
EMP0589,2020-05-07 22:28:16.815286,IT,Manager,Part-time,35.0,8.0,PhD,50983.0,,2.0,,0.1,1
EMP0590,2020-05-11 06:13:25.823475,Engineering,Lead,Contract,52.0,13.0,PhD,19126.0,0.297,4.0,0.0,17.1,0
EMP0591,2020-05-14 13:58:34.831665,Legal,Senior,Intern,22.0,26.0,High School,49421.0,0.099,3.0,4.0,10.5,1
EMP0592,2020-05-17 21:43:43.839854,Finance,Director,Full-time,52.0,10.0,Master,39131.0,0.153,5.0,5.0,31.5,0
EMP0593,2020-05-21 05:28:52.848043,Sales,Manager,Intern,63.0,20.0,Bachelor,57300.0,0.193,5.0,2.0,0.9,0
EMP0594,2020-05-24 13:14:01.856232,Finance,Junior,Intern,54.0,14.0,High School,72369.0,0.2,3.0,1.0,7.4,0
EMP0595,2020-05-27 20:59:10.864422,HR,Senior,Contract,,4.0,High School,24120.0,0.123,3.0,3.0,8.5,1
EMP0596,2020-05-31 04:44:19.872611,Marketing,Junior,Part-time,38.0,3.0,High School,104779.0,0.099,4.0,,16.0,1
EMP0597,2020-06-03 12:29:28.880800,HR,Mid,Intern,39.0,24.0,MASTER,,0.272,4.0,3.0,48.4,0
EMP0598,2020-06-06 20:14:37.888989,Marketing,Manager,Part-time,42.0,22.0,Master,30165.0,0.193,5.0,,25.0,0
EMP0599,2020-06-10 03:59:46.897179,IT,Junior,Full-time,24.0,0.0,PhD,134243.0,0.096,4.0,5.0,9.8,0
EMP0600,2020-06-13 11:44:55.905368,Sales,Junior,Contract,32.0,28.0,High School,14105.0,0.217,5.0,4.0,8.9,0
EMP0601,2020-06-16 19:30:04.913557,Finance,Director,Full-time,40.0,16.0,Bachelor,80740.0,0.103,1.0,1.0,77.9,0
EMP0602,2020-06-20 03:15:13.921747,Operations,Manager,Intern,56.0,26.0,MASTER,27881.0,0.039,5.0,3.0,31.1,0
EMP0603,2020-06-23 11:00:22.929936,IT,Mid,Contract,53.0,29.0,Master,94420.0,0.002,3.0,0.0,57.3,1
EMP0604,2020-06-26 18:45:31.938125,HR,Manager,Intern,35.0,20.0,bachelor,20923.0,0.297,2.0,1.0,16.3,0
EMP0605,2020-06-30 02:30:40.946314,Legal,Mid,Intern,,5.0,PhD,140186.0,0.211,4.0,0.0,24.8,0
EMP0606,2020-07-03 10:15:49.954504,Operations,Director,Full-time,28.0,16.0,bachelor,35335.0,0.286,3.0,2.0,26.4,0
EMP0607,2020-07-06 18:00:58.962693,HR,Manager,Contract,37.0,15.0,Master,40348.0,0.115,2.0,4.0,5.9,0
EMP0608,2020-07-10 01:46:07.970882,Sales,Manager,Full-time,60.0,23.0,MASTER,1780824.0942407816,0.057,2.0,4.0,8.1,0
EMP0609,2020-07-13 09:31:16.979071,Sales,Director,Intern,60.0,21.0,High School,72731.0,0.038,1.0,2.0,1.8,1
EMP0610,2020-07-16 17:16:25.987261,Engineering,Manager,Part-time,42.0,15.0,High School,37579.0,0.134,3.0,1.0,10.2,0
EMP0611,2020-07-20 01:01:34.995450,Sales,Manager,Intern,64.0,7.0,MASTER,53783.0,0.022,5.0,4.0,50.2,0
EMP0612,2020-07-23 08:46:44.003639,Finance,Senior,Part-time,39.0,24.0,bachelor,65845.0,0.247,,4.0,0.7,0
EMP0613,2020-07-26 16:31:53.011828,HR,Director,Full-time,28.0,22.0,,79754.0,0.091,2.0,1.0,9.6,0
EMP0614,2020-07-30 00:17:02.020018,Operations,Director,Full-time,41.0,22.0,MASTER,113176.0,0.17,2.0,2.0,9.4,1
EMP0615,2020-08-02 08:02:11.028207,Operations,Junior,Contract,33.0,1.0,Bachelor,33181.0,0.021,3.0,3.0,1.2,0
EMP0616,2020-08-05 15:47:20.036396,Operations,Lead,Part-time,,23.0,PhD,26903.0,0.12,5.0,5.0,24.0,0
EMP0617,2020-08-08 23:32:29.044585,Legal,Senior,Intern,60.0,4.0,Bachelor,89586.0,0.165,4.0,,30.7,0
EMP0618,2020-08-12 07:17:38.052775,IT,Lead,Part-time,52.0,27.0,PhD,89442.0,0.281,4.0,,6.5,0
EMP0619,2020-08-15 15:02:47.060964,Marketing,Lead,Contract,,26.0,phd,,0.293,5.0,2.0,0.8,1
EMP0620,2020-08-18 22:47:56.069153,Engineering,Senior,Part-time,26.0,13.0,MASTER,831287.6837229885,0.271,5.0,5.0,3.7,0
EMP0621,2020-08-22 06:33:05.077343,HR,Junior,Intern,31.0,17.0,MASTER,52070.0,0.227,4.0,,12.3,0
EMP0622,2020-08-25 14:18:14.085532,Finance,Lead,Intern,61.0,1.0,High School,,0.223,3.0,1.0,11.9,0
EMP0623,2020-08-28 22:03:23.093721,Operations,Lead,Full-time,32.0,27.0,Bachelor,34623.0,0.225,5.0,,31.5,0
EMP0624,2020-09-01 05:48:32.101910,Operations,Junior,Full-time,61.0,14.0,MASTER,60827.0,0.079,4.0,2.0,8.7,0
EMP0625,2020-09-04 13:33:41.110100,Finance,Manager,Intern,44.0,7.0,PhD,93820.0,0.208,3.0,2.0,4.6,0
EMP0626,2020-09-07 21:18:50.118289,HR,Junior,Intern,42.0,18.0,MASTER,37513.0,0.064,5.0,,2.4,1
EMP0627,2020-09-11 05:03:59.126478,Finance,Manager,Intern,38.0,0.0,High School,29895.0,0.199,3.0,3.0,45.0,0
EMP0628,2020-09-14 12:49:08.134667,HR,Junior,Full-time,29.0,25.0,bachelor,25350.0,0.188,4.0,,10.5,1
EMP0629,2020-09-17 20:34:17.142857,Finance,Manager,Contract,,25.0,MASTER,41511.0,0.286,4.0,4.0,3.2,0
EMP0630,2020-09-21 04:19:26.151046,Operations,Manager,Intern,47.0,23.0,bachelor,49140.0,,4.0,4.0,9.1,0
EMP0631,2020-09-24 12:04:35.159235,Finance,Manager,Intern,30.0,0.0,MASTER,19209.0,0.06,4.0,,0.4,1
EMP0632,2020-09-27 19:49:44.167424,Operations,Manager,Intern,50.0,28.0,Bachelor,38095.0,0.016,2.0,,14.9,0
EMP0633,2020-10-01 03:34:53.175614,HR,Lead,Part-time,56.0,10.0,High School,48409.0,0.15,5.0,3.0,41.9,0
EMP0634,2020-10-04 11:20:02.183803,IT,Director,Contract,,21.0,Bachelor,1690121.0579643399,0.071,4.0,2.0,33.0,0
EMP0635,2020-10-07 19:05:11.191992,Finance,Director,Intern,22.0,17.0,PhD,36235.0,0.092,4.0,5.0,1.1,0
EMP0636,2020-10-11 02:50:20.200181,Engineering,Manager,Intern,43.0,11.0,MASTER,92424.0,0.011,4.0,4.0,7.3,1
EMP0637,2020-10-14 10:35:29.208371,Operations,Junior,Full-time,45.0,28.0,High School,50913.0,0.18,5.0,5.0,158.7,1
EMP0638,2020-10-17 18:20:38.216560,HR,Junior,Intern,42.0,23.0,bachelor,76907.0,0.124,5.0,,26.7,0
EMP0639,2020-10-21 02:05:47.224749,Sales,Junior,Contract,49.0,21.0,High School,64566.0,0.277,4.0,0.0,2.0,0
EMP0640,2020-10-24 09:50:56.232939,Legal,Junior,Full-time,64.0,15.0,Master,50400.0,0.074,,0.0,26.1,0
EMP0641,2020-10-27 17:36:05.241128,IT,Mid,Contract,45.0,3.0,MASTER,35914.0,0.018,3.0,0.0,4.7,0
EMP0642,2020-10-31 01:21:14.249317,Engineering,Mid,Full-time,,19.0,High School,52558.0,0.11,3.0,4.0,13.3,1
EMP0643,2020-11-03 09:06:23.257506,IT,Lead,Part-time,26.0,12.0,PhD,101897.0,0.071,5.0,0.0,50.6,0
EMP0644,2020-11-06 16:51:32.265696,IT,Lead,Intern,41.0,14.0,Bachelor,35297.0,0.151,3.0,,12.5,0
EMP0645,2020-11-10 00:36:41.273885,Sales,Lead,Intern,22.0,5.0,High School,25058.0,0.013,3.0,1.0,24.5,0
EMP0646,2020-11-13 08:21:50.282074,IT,Junior,Part-time,36.0,7.0,PhD,40929.0,,3.0,1.0,21.0,0
EMP0647,2020-11-16 16:06:59.290263,Finance,Senior,Part-time,35.0,2.0,Master,26810.0,,1.0,4.0,4.3,0
EMP0648,2020-11-19 23:52:08.298453,Marketing,Director,Intern,57.0,13.0,MASTER,53896.0,0.244,5.0,2.0,4.0,0
EMP0649,2020-11-23 07:37:17.306642,HR,Junior,Intern,56.0,2.0,,,0.277,5.0,1.0,12.2,0
EMP0650,2020-11-26 15:22:26.314831,Engineering,Senior,Intern,49.0,16.0,High School,60772.0,0.031,3.0,4.0,2.0,0
EMP0651,2020-11-29 23:07:35.323020,Marketing,Senior,Full-time,,17.0,Master,43925.0,0.085,5.0,,17.6,0
EMP0652,2020-12-03 06:52:44.331210,Engineering,Lead,Full-time,38.0,22.0,MASTER,131070.0,0.128,3.0,2.0,15.6,1
EMP0653,2020-12-06 14:37:53.339399,HR,Senior,Contract,37.0,6.0,,78097.0,0.023,3.0,1.0,5.3,0
EMP0654,2020-12-09 22:23:02.347588,IT,Junior,Intern,47.0,12.0,MASTER,59672.0,,3.0,5.0,26.1,0
EMP0655,2020-12-13 06:08:11.355777,IT,Senior,Full-time,44.0,26.0,Bachelor,87349.0,0.212,1.0,2.0,0.6,1
EMP0656,2020-12-16 13:53:20.363967,IT,Senior,Intern,39.0,25.0,bachelor,19969.0,0.031,1.0,4.0,1.8,0
EMP0657,2020-12-19 21:38:29.372156,IT,Senior,Full-time,28.0,28.0,PhD,113367.0,0.074,,3.0,5.6,0
EMP0658,2020-12-23 05:23:38.380345,Engineering,Senior,Intern,33.0,10.0,MASTER,122453.0,0.282,4.0,,3.2,0
EMP0659,2020-12-26 13:08:47.388535,Finance,Lead,Contract,26.0,21.0,phd,39233.0,0.147,3.0,0.0,6.2,0
EMP0660,2020-12-29 20:53:56.396724,Finance,Mid,Contract,42.0,0.0,PhD,51505.0,0.038,2.0,3.0,4.8,0
EMP0661,2021-01-02 04:39:05.404913,Engineering,Lead,Part-time,48.0,1.0,Master,,0.29,2.0,3.0,1.3,1
EMP0662,2021-01-05 12:24:14.413102,Finance,Mid,Contract,63.0,0.0,MASTER,51516.0,0.001,3.0,,9.8,0
EMP0663,2021-01-08 20:09:23.421292,Sales,Manager,Contract,47.0,2.0,phd,84013.0,0.002,5.0,,8.0,0
EMP0664,2021-01-12 03:54:32.429481,Engineering,Senior,Part-time,22.0,18.0,,58103.0,0.047,4.0,5.0,34.5,0
EMP0665,2021-01-15 11:39:41.437670,Legal,Mid,Full-time,47.0,26.0,Master,117014.0,0.243,2.0,3.0,12.3,0
EMP0666,2021-01-18 19:24:50.445859,Operations,Lead,Intern,56.0,10.0,,41876.0,0.148,3.0,,3.5,0
EMP0667,2021-01-22 03:09:59.454049,Operations,Mid,Contract,44.0,18.0,Master,107834.0,0.203,3.0,,6.4,0
EMP0668,2021-01-25 10:55:08.462238,HR,Manager,Full-time,25.0,16.0,High School,30348.0,0.233,4.0,4.0,40.7,0
EMP0669,2021-01-28 18:40:17.470427,Legal,Junior,Intern,31.0,16.0,Bachelor,80014.0,0.044,4.0,0.0,1.6,0
EMP0670,2021-02-01 02:25:26.478616,Marketing,Lead,Full-time,44.0,7.0,phd,48120.0,0.079,3.0,,15.2,0
EMP0671,2021-02-04 10:10:35.486806,IT,Lead,Intern,52.0,6.0,phd,29420.0,0.174,4.0,0.0,4.3,0
EMP0672,2021-02-07 17:55:44.494995,Legal,Junior,Part-time,35.0,18.0,High School,33276.0,0.236,4.0,1.0,20.4,0
EMP0673,2021-02-11 01:40:53.503184,Marketing,Manager,Intern,55.0,22.0,Master,54328.0,0.123,2.0,0.0,6.5,0
EMP0674,2021-02-14 09:26:02.511373,HR,Senior,Contract,23.0,26.0,phd,33284.0,0.041,5.0,4.0,31.7,0
EMP0675,2021-02-17 17:11:11.519563,HR,Director,Full-time,23.0,12.0,Master,14598.0,0.119,2.0,4.0,25.9,0
EMP0676,2021-02-21 00:56:20.527752,Sales,Junior,Full-time,37.0,17.0,High School,92282.0,0.222,4.0,1.0,25.5,0
EMP0677,2021-02-24 08:41:29.535941,Finance,Director,Full-time,,10.0,bachelor,56839.0,0.016,4.0,5.0,9.4,0
EMP0678,2021-02-27 16:26:38.544131,Engineering,Manager,Contract,26.0,24.0,MASTER,55030.0,,2.0,,4.6,1
EMP0679,2021-03-03 00:11:47.552320,Marketing,Mid,Contract,39.0,0.0,MASTER,59120.0,0.167,1.0,,29.1,1
EMP0680,2021-03-06 07:56:56.560509,Legal,Senior,Part-time,24.0,13.0,Bachelor,39900.0,0.284,4.0,0.0,11.4,0
EMP0681,2021-03-09 15:42:05.568698,Sales,Manager,Intern,56.0,15.0,MASTER,,0.208,2.0,5.0,8.3,1
EMP0682,2021-03-12 23:27:14.576888,IT,Lead,Intern,63.0,14.0,Bachelor,36009.0,0.009,3.0,4.0,4.9,0
EMP0683,2021-03-16 07:12:23.585077,Legal,Director,Part-time,53.0,28.0,MASTER,47186.0,0.198,4.0,3.0,17.3,0
EMP0684,2021-03-19 14:57:32.593266,Marketing,Lead,Full-time,47.0,2.0,PhD,23012.0,0.158,4.0,,10.8,0
EMP0685,2021-03-22 22:42:41.601455,Sales,Senior,Full-time,56.0,10.0,Master,92529.0,0.122,4.0,0.0,10.6,0
EMP0686,2021-03-26 06:27:50.609645,Operations,Mid,Full-time,45.0,7.0,MASTER,,0.237,3.0,2.0,25.3,0
EMP0687,2021-03-29 14:12:59.617834,Engineering,Manager,Intern,,20.0,bachelor,30654.0,0.246,5.0,4.0,12.3,0
EMP0688,2021-04-01 21:58:08.626023,Finance,Manager,Intern,25.0,15.0,High School,100811.0,0.186,4.0,1.0,14.9,0
EMP0689,2021-04-05 05:43:17.634212,Marketing,Senior,Full-time,39.0,20.0,PhD,39162.0,0.006,4.0,5.0,20.2,0
EMP0690,2021-04-08 13:28:26.642402,HR,Mid,Contract,,24.0,PhD,46414.0,0.01,,,24.2,1
EMP0691,2021-04-11 21:13:35.650591,HR,Lead,Intern,63.0,25.0,PhD,56085.0,,3.0,5.0,14.3,0
EMP0692,2021-04-15 04:58:44.658780,Operations,Junior,Full-time,26.0,4.0,Master,52900.0,0.052,4.0,,21.7,0
EMP0693,2021-04-18 12:43:53.666969,IT,Manager,Part-time,36.0,1.0,Bachelor,55519.0,0.218,4.0,,33.8,0
EMP0694,2021-04-21 20:29:02.675159,Sales,Junior,Intern,45.0,27.0,High School,37995.0,0.006,5.0,3.0,2.0,1
EMP0695,2021-04-25 04:14:11.683348,IT,Junior,Part-time,53.0,24.0,bachelor,25710.0,0.269,3.0,2.0,40.9,0
EMP0696,2021-04-28 11:59:20.691537,HR,Junior,Part-time,62.0,20.0,High School,53616.0,0.003,3.0,4.0,0.8,0
EMP0697,2021-05-01 19:44:29.699727,Operations,Director,Part-time,39.0,27.0,MASTER,77834.0,0.079,4.0,0.0,9.8,0
EMP0698,2021-05-05 03:29:38.707916,HR,Director,Intern,58.0,23.0,MASTER,43588.0,0.073,3.0,4.0,23.4,0
EMP0699,2021-05-08 11:14:47.716105,Legal,Manager,Intern,26.0,3.0,PhD,66699.0,0.248,5.0,,7.6,1
EMP0700,2021-05-11 18:59:56.724294,HR,Mid,Intern,44.0,26.0,bachelor,,0.241,2.0,0.0,23.9,1
EMP0701,2021-05-15 02:45:05.732484,Legal,Lead,Contract,47.0,14.0,phd,24564.0,0.171,3.0,5.0,62.6,0
EMP0702,2021-05-18 10:30:14.740673,Operations,Junior,Full-time,44.0,0.0,phd,22665.0,0.144,2.0,0.0,50.3,0
EMP0703,2021-05-21 18:15:23.748862,IT,Lead,Full-time,40.0,8.0,Bachelor,88721.0,0.057,,1.0,11.0,0
EMP0704,2021-05-25 02:00:32.757051,Legal,Director,Part-time,22.0,20.0,phd,41000.0,0.264,1.0,3.0,0.8,0
EMP0705,2021-05-28 09:45:41.765241,Sales,Junior,Full-time,49.0,16.0,PhD,130990.0,0.238,4.0,5.0,3.8,0
EMP0706,2021-05-31 17:30:50.773430,HR,Senior,Contract,56.0,4.0,phd,44880.0,0.236,2.0,4.0,11.5,0
EMP0707,2021-06-04 01:15:59.781619,Marketing,Manager,Part-time,57.0,21.0,MASTER,62504.0,0.045,,3.0,30.8,0
EMP0708,2021-06-07 09:01:08.789808,Engineering,Senior,Full-time,25.0,0.0,bachelor,,0.236,5.0,5.0,15.8,0
EMP0709,2021-06-10 16:46:17.797998,Finance,Manager,Contract,49.0,11.0,Bachelor,55130.0,0.169,4.0,2.0,1.1,0
EMP0710,2021-06-14 00:31:26.806187,Finance,Mid,Contract,56.0,22.0,,62032.0,0.254,4.0,,3.0,0
EMP0711,2021-06-17 08:16:35.814376,Sales,Director,Full-time,42.0,0.0,Bachelor,40567.0,0.064,4.0,,3.5,1
EMP0712,2021-06-20 16:01:44.822565,Sales,Senior,Part-time,,22.0,High School,,0.3,3.0,4.0,33.5,0
EMP0713,2021-06-23 23:46:53.830755,Legal,Lead,Full-time,46.0,13.0,bachelor,20505.0,0.204,3.0,2.0,4.5,0
EMP0714,2021-06-27 07:32:02.838944,IT,Junior,Contract,35.0,11.0,High School,56332.0,0.179,4.0,,16.9,0
EMP0715,2021-06-30 15:17:11.847133,Sales,Lead,Intern,45.0,8.0,bachelor,72952.0,0.143,,,1.0,0
EMP0716,2021-07-03 23:02:20.855323,IT,Director,Contract,60.0,5.0,MASTER,106396.0,0.201,1.0,,34.3,0
EMP0717,2021-07-07 06:47:29.863512,Finance,Lead,Contract,47.0,9.0,High School,33161.0,0.107,4.0,3.0,14.2,0
EMP0718,2021-07-10 14:32:38.871701,Sales,Manager,Part-time,47.0,24.0,PhD,42391.0,0.037,5.0,3.0,11.7,0
EMP0719,2021-07-13 22:17:47.879890,Finance,Manager,Full-time,61.0,16.0,phd,45386.0,0.034,3.0,2.0,11.6,0
EMP0720,2021-07-17 06:02:56.888080,Legal,Lead,Part-time,22.0,25.0,MASTER,44028.0,0.125,3.0,,54.8,0
EMP0721,2021-07-20 13:48:05.896269,IT,Director,Intern,47.0,26.0,Bachelor,22051.0,0.275,5.0,0.0,9.0,0
EMP0722,2021-07-23 21:33:14.904458,Finance,Junior,Intern,58.0,2.0,phd,30074.0,0.206,2.0,3.0,28.0,0
EMP0723,2021-07-27 05:18:23.912647,Engineering,Manager,Part-time,26.0,9.0,PhD,25158.0,0.178,3.0,2.0,0.6,1
EMP0724,2021-07-30 13:03:32.920837,Operations,Director,Part-time,53.0,12.0,PhD,35336.0,0.186,1.0,0.0,0.3,0
EMP0725,2021-08-02 20:48:41.929026,Finance,Junior,Contract,51.0,8.0,MASTER,52074.0,0.127,2.0,3.0,9.5,0
EMP0726,2021-08-06 04:33:50.937215,Marketing,Director,Intern,47.0,0.0,Master,59729.0,0.015,3.0,,4.2,1
EMP0727,2021-08-09 12:18:59.945404,HR,Lead,Intern,55.0,24.0,phd,70153.0,0.283,3.0,4.0,0.1,0
EMP0728,2021-08-12 20:04:08.953594,Operations,Senior,Intern,47.0,9.0,Bachelor,147547.0,0.219,3.0,2.0,48.6,0
EMP0729,2021-08-16 03:49:17.961783,Legal,Senior,Full-time,46.0,16.0,High School,21236.0,0.094,4.0,4.0,6.3,0
EMP0730,2021-08-19 11:34:26.969972,HR,Manager,Part-time,64.0,14.0,PhD,48098.0,0.128,4.0,1.0,0.4,0
EMP0731,2021-08-22 19:19:35.978161,Finance,Lead,Full-time,52.0,15.0,MASTER,47117.0,0.047,2.0,1.0,54.6,0
EMP0732,2021-08-26 03:04:44.986351,Marketing,Manager,Contract,52.0,6.0,High School,59503.0,0.265,5.0,5.0,3.8,0
EMP0733,2021-08-29 10:49:53.994540,Legal,Director,Full-time,42.0,23.0,Master,,0.116,5.0,0.0,8.3,0
EMP0734,2021-09-01 18:35:03.002729,Sales,Senior,Intern,63.0,14.0,Master,29506.0,0.06,4.0,4.0,841.0725523671442,0
EMP0735,2021-09-05 02:20:12.010919,Operations,Manager,Full-time,61.0,17.0,Master,64790.0,0.266,3.0,1.0,138.0,1
EMP0736,2021-09-08 10:05:21.019108,Sales,Senior,Intern,49.0,11.0,bachelor,95936.0,0.233,4.0,,54.1,0
EMP0737,2021-09-11 17:50:30.027297,IT,Manager,Intern,30.0,0.0,PhD,71023.0,0.233,3.0,5.0,51.5,0
EMP0738,2021-09-15 01:35:39.035486,Legal,Mid,Intern,63.0,20.0,phd,38787.0,,3.0,4.0,5.0,0
EMP0739,2021-09-18 09:20:48.043676,HR,Senior,Contract,28.0,4.0,High School,33298.0,0.136,4.0,4.0,8.8,1
EMP0740,2021-09-21 17:05:57.051865,Operations,Mid,Full-time,31.0,29.0,High School,33970.0,0.061,4.0,4.0,26.8,1
EMP0741,2021-09-25 00:51:06.060054,Finance,Director,Part-time,64.0,22.0,PhD,36245.0,0.12,4.0,,31.3,0
EMP0742,2021-09-28 08:36:15.068243,Engineering,Director,Full-time,26.0,14.0,,48012.0,0.118,4.0,,14.1,0
EMP0743,2021-10-01 16:21:24.076433,Operations,Junior,Part-time,56.0,29.0,MASTER,63059.0,0.216,2.0,5.0,4.2,0
EMP0744,2021-10-05 00:06:33.084622,Engineering,Lead,Contract,57.0,3.0,,76520.0,0.152,3.0,,50.7,0
EMP0745,2021-10-08 07:51:42.092811,Operations,Director,Contract,34.0,8.0,bachelor,80402.0,0.262,1.0,3.0,21.5,0
EMP0746,2021-10-11 15:36:51.101000,Marketing,Manager,Full-time,36.0,27.0,High School,53814.0,0.038,3.0,4.0,3.3,0
EMP0747,2021-10-14 23:22:00.109190,Finance,Mid,Part-time,26.0,15.0,Bachelor,103883.0,0.211,2.0,,8.0,0
EMP0748,2021-10-18 07:07:09.117379,Operations,Mid,Full-time,39.0,12.0,bachelor,89382.0,0.08,4.0,,66.2,0
EMP0749,2021-10-21 14:52:18.125568,Legal,Lead,Full-time,59.0,1.0,bachelor,39251.0,0.297,2.0,2.0,14.3,0
EMP0750,2021-10-24 22:37:27.133757,Marketing,Mid,Contract,34.0,11.0,Bachelor,140824.0,0.001,3.0,,3.7,0
EMP0751,2021-10-28 06:22:36.141947,Operations,Junior,Contract,51.0,18.0,PhD,38766.0,0.125,4.0,4.0,3.1,0
EMP0752,2021-10-31 14:07:45.150136,HR,Manager,Contract,44.0,5.0,Bachelor,38260.0,0.265,3.0,,0.9,0
EMP0753,2021-11-03 21:52:54.158325,Operations,Lead,Contract,26.0,26.0,bachelor,43636.0,0.251,4.0,2.0,13.0,0
EMP0754,2021-11-07 05:38:03.166515,Engineering,Manager,Contract,34.0,28.0,,139687.0,0.043,3.0,5.0,33.5,0
EMP0755,2021-11-10 13:23:12.174704,Engineering,Director,Full-time,54.0,26.0,Bachelor,35980.0,,2.0,,3.2,1
EMP0756,2021-11-13 21:08:21.182893,Marketing,Lead,Intern,28.0,23.0,Master,30218.0,0.232,3.0,3.0,18.2,0
EMP0757,2021-11-17 04:53:30.191082,HR,Director,Intern,24.0,28.0,PhD,,0.095,4.0,,36.1,0
EMP0758,2021-11-20 12:38:39.199272,Operations,Director,Intern,64.0,20.0,phd,38290.0,0.049,4.0,0.0,1.4,0
EMP0759,2021-11-23 20:23:48.207461,Finance,Director,Contract,26.0,13.0,Master,52156.0,0.248,1.0,0.0,25.8,0
EMP0760,2021-11-27 04:08:57.215650,Engineering,Junior,Intern,55.0,21.0,Master,41994.0,0.27,3.0,3.0,5.4,0
EMP0761,2021-11-30 11:54:06.223839,Finance,Junior,Full-time,51.0,26.0,Bachelor,48898.0,,4.0,1.0,2.2,0
EMP0762,2021-12-03 19:39:15.232029,Engineering,Director,Full-time,54.0,10.0,bachelor,56125.0,0.224,4.0,5.0,8.8,0
EMP0763,2021-12-07 03:24:24.240218,Operations,Lead,Intern,37.0,3.0,Master,82849.0,0.074,3.0,5.0,54.5,0
EMP0764,2021-12-10 11:09:33.248407,Engineering,Manager,Contract,53.0,27.0,MASTER,69831.0,0.127,5.0,4.0,19.7,0
EMP0765,2021-12-13 18:54:42.256596,HR,Junior,Part-time,61.0,4.0,phd,73018.0,0.04,3.0,5.0,33.0,0
EMP0766,2021-12-17 02:39:51.264786,Finance,Manager,Full-time,53.0,20.0,High School,36353.0,0.24,4.0,4.0,12.0,0
EMP0767,2021-12-20 10:25:00.272975,Finance,Senior,Part-time,44.0,22.0,phd,22841.0,0.015,5.0,3.0,14.4,1
EMP0768,2021-12-23 18:10:09.281164,IT,Lead,Part-time,,21.0,PhD,63841.0,0.001,4.0,4.0,12.7,0
EMP0769,2021-12-27 01:55:18.289353,Sales,Director,Intern,58.0,1.0,PhD,47425.0,0.141,4.0,5.0,2.9,1
EMP0770,2021-12-30 09:40:27.297543,Marketing,Manager,Part-time,22.0,13.0,PhD,48435.0,0.218,3.0,1.0,11.2,0
EMP0771,2022-01-02 17:25:36.305732,Engineering,Director,Contract,42.0,12.0,MASTER,34866.0,,4.0,3.0,13.5,0
EMP0772,2022-01-06 01:10:45.313921,Sales,Junior,Contract,31.0,20.0,Master,39590.0,0.189,5.0,1.0,8.7,1
EMP0773,2022-01-09 08:55:54.322111,Finance,Manager,Intern,60.0,14.0,High School,50157.0,0.146,4.0,3.0,58.8,0
EMP0774,2022-01-12 16:41:03.330300,Marketing,Manager,Intern,45.0,23.0,bachelor,32221.0,0.226,4.0,,29.6,0
EMP0775,2022-01-16 00:26:12.338489,HR,Mid,Full-time,50.0,8.0,phd,61793.0,0.026,4.0,5.0,34.0,1
EMP0776,2022-01-19 08:11:21.346678,IT,Lead,Contract,30.0,28.0,PhD,59919.0,0.292,4.0,,7.5,0
EMP0777,2022-01-22 15:56:30.354868,Legal,Manager,Contract,32.0,21.0,Bachelor,29088.0,0.264,4.0,2.0,71.6,0
EMP0778,2022-01-25 23:41:39.363057,Finance,Director,Full-time,50.0,24.0,phd,21294.0,0.189,3.0,,8.1,0
EMP0779,2022-01-29 07:26:48.371246,Legal,Mid,Part-time,38.0,21.0,bachelor,49623.0,0.132,4.0,5.0,17.9,0
EMP0780,2022-02-01 15:11:57.379435,HR,Mid,Intern,34.0,0.0,bachelor,24102.0,0.197,4.0,5.0,13.8,0
EMP0781,2022-02-04 22:57:06.387625,Engineering,Manager,Contract,36.0,9.0,High School,43421.0,0.131,3.0,4.0,23.4,0
EMP0782,2022-02-08 06:42:15.395814,HR,Lead,Full-time,24.0,24.0,phd,58581.0,0.242,4.0,4.0,37.1,0
EMP0783,2022-02-11 14:27:24.404003,Legal,Manager,Intern,31.0,10.0,MASTER,24292.0,,4.0,,14.5,0
EMP0784,2022-02-14 22:12:33.412192,Engineering,Mid,Intern,42.0,9.0,Bachelor,132431.0,0.031,5.0,3.0,2.5,0
EMP0785,2022-02-18 05:57:42.420382,Marketing,Director,Full-time,48.0,21.0,Bachelor,70006.0,0.065,,1.0,10.6,0
EMP0786,2022-02-21 13:42:51.428571,Marketing,Mid,Part-time,52.0,24.0,phd,31054.0,0.283,1.0,0.0,6.2,0
EMP0787,2022-02-24 21:28:00.436760,Sales,Director,Full-time,22.0,14.0,High School,33936.0,0.177,3.0,4.0,36.5,0
EMP0788,2022-02-28 05:13:09.444949,Marketing,Junior,Intern,51.0,13.0,Bachelor,28993.0,0.25,3.0,2.0,4.8,0
EMP0789,2022-03-03 12:58:18.453139,Operations,Junior,Contract,54.0,18.0,phd,,0.174,4.0,3.0,4.2,0
EMP0790,2022-03-06 20:43:27.461328,Finance,Lead,Full-time,,2.0,Bachelor,,0.299,4.0,2.0,16.4,0
EMP0791,2022-03-10 04:28:36.469517,Marketing,Senior,Part-time,23.0,27.0,MASTER,48448.0,0.29,4.0,,2.1,0
EMP0792,2022-03-13 12:13:45.477707,HR,Mid,Intern,25.0,3.0,High School,144671.0,0.293,5.0,2.0,25.0,0
EMP0793,2022-03-16 19:58:54.485896,Engineering,Manager,Part-time,,23.0,MASTER,125892.0,0.066,3.0,0.0,0.9,0
EMP0794,2022-03-20 03:44:03.494085,Legal,Mid,Intern,22.0,23.0,PhD,30644.0,0.238,4.0,1.0,1.8,0
EMP0795,2022-03-23 11:29:12.502274,Marketing,Manager,Full-time,49.0,25.0,High School,77957.0,0.035,3.0,4.0,3.3,0
EMP0796,2022-03-26 19:14:21.510464,IT,Director,Contract,59.0,5.0,PhD,39236.0,0.023,5.0,5.0,0.7,0
EMP0797,2022-03-30 02:59:30.518653,Operations,Mid,Part-time,52.0,25.0,High School,,,3.0,,8.1,1
EMP0798,2022-04-02 10:44:39.526842,Marketing,Director,Full-time,64.0,9.0,High School,73524.0,0.001,3.0,3.0,0.7,0
EMP0799,2022-04-05 18:29:48.535031,IT,Manager,Intern,38.0,0.0,PhD,47778.0,0.238,3.0,1.0,23.2,1
EMP0800,2022-04-09 02:14:57.543221,Engineering,Director,Intern,32.0,22.0,Master,60789.0,0.174,5.0,4.0,37.3,1
EMP0801,2022-04-12 10:00:06.551410,IT,Mid,Intern,43.0,4.0,PhD,76265.0,0.135,4.0,,20.6,0
EMP0802,2022-04-15 17:45:15.559599,Legal,Mid,Full-time,41.0,9.0,Bachelor,83804.0,0.183,4.0,0.0,9.5,0
EMP0803,2022-04-19 01:30:24.567788,Legal,Mid,Intern,24.0,18.0,PhD,63074.0,0.099,4.0,1.0,2.6,0
EMP0804,2022-04-22 09:15:33.575978,Operations,Lead,Full-time,47.0,24.0,High School,53044.0,0.181,4.0,4.0,52.4,0
EMP0805,2022-04-25 17:00:42.584167,Legal,Senior,Intern,,13.0,MASTER,29828.0,,4.0,1.0,25.2,0
EMP0806,2022-04-29 00:45:51.592356,IT,Senior,Part-time,40.0,21.0,bachelor,27630.0,0.259,5.0,0.0,23.2,0
EMP0807,2022-05-02 08:31:00.600545,IT,Lead,Intern,55.0,25.0,bachelor,52416.0,0.067,3.0,,19.0,1
EMP0808,2022-05-05 16:16:09.608735,Finance,Senior,Intern,59.0,17.0,Bachelor,,0.125,3.0,5.0,0.8,0
EMP0809,2022-05-09 00:01:18.616924,HR,Lead,Contract,29.0,28.0,,25568.0,0.083,4.0,,75.0,0
EMP0810,2022-05-12 07:46:27.625113,Legal,Junior,Intern,,28.0,MASTER,43924.0,0.042,2.0,1.0,8.9,0
EMP0811,2022-05-15 15:31:36.633302,IT,Senior,Contract,33.0,11.0,phd,34888.0,0.181,4.0,2.0,28.2,0
EMP0812,2022-05-18 23:16:45.641492,IT,Manager,Contract,53.0,2.0,MASTER,138797.0,0.038,4.0,4.0,12.4,0
EMP0813,2022-05-22 07:01:54.649681,HR,Manager,Full-time,58.0,1.0,PhD,47383.0,0.087,2.0,,7.1,0
EMP0814,2022-05-25 14:47:03.657870,Marketing,Director,Intern,60.0,6.0,Master,49783.0,0.146,4.0,4.0,16.4,0
EMP0815,2022-05-28 22:32:12.666060,Operations,Mid,Intern,34.0,1.0,Master,60477.0,0.236,4.0,3.0,40.4,0
EMP0816,2022-06-01 06:17:21.674249,Marketing,Mid,Full-time,36.0,9.0,bachelor,70307.0,0.113,4.0,0.0,3.5,1
EMP0817,2022-06-04 14:02:30.682438,Marketing,Senior,Part-time,27.0,23.0,High School,40500.0,0.241,3.0,4.0,51.6,0
EMP0818,2022-06-07 21:47:39.690627,Legal,Junior,Part-time,27.0,20.0,Bachelor,25484.0,0.037,4.0,4.0,14.9,0
EMP0819,2022-06-11 05:32:48.698817,Sales,Mid,Intern,32.0,7.0,bachelor,69888.0,0.189,3.0,3.0,34.0,1
EMP0820,2022-06-14 13:17:57.707006,IT,Junior,Part-time,,8.0,Bachelor,27294.0,0.126,4.0,,18.3,0
EMP0821,2022-06-17 21:03:06.715195,Legal,Senior,Part-time,39.0,3.0,High School,105361.0,0.034,,,21.4,0
EMP0822,2022-06-21 04:48:15.723384,Marketing,Mid,Part-time,28.0,11.0,phd,30218.0,0.105,3.0,,56.4,0
EMP0823,2022-06-24 12:33:24.731574,Legal,Junior,Contract,48.0,14.0,bachelor,34589.0,0.189,2.0,1.0,16.4,0
EMP0824,2022-06-27 20:18:33.739763,HR,Director,Part-time,30.0,3.0,PhD,30260.0,0.187,4.0,3.0,9.7,0
EMP0825,2022-07-01 04:03:42.747952,HR,Lead,Contract,,21.0,Master,89589.0,0.005,,2.0,13.9,0
EMP0826,2022-07-04 11:48:51.756141,Marketing,Senior,Intern,59.0,22.0,phd,49288.0,0.105,3.0,0.0,43.5,0
EMP0827,2022-07-07 19:34:00.764331,Engineering,Director,Part-time,55.0,20.0,Bachelor,29508.0,0.047,3.0,5.0,0.8,0
EMP0828,2022-07-11 03:19:09.772520,IT,Mid,Full-time,53.0,4.0,Bachelor,14919.0,0.114,4.0,,7.8,0
EMP0829,2022-07-14 11:04:18.780709,Legal,Mid,Part-time,57.0,12.0,Master,43024.0,0.005,3.0,4.0,23.6,0
EMP0830,2022-07-17 18:49:27.788898,Finance,Manager,Part-time,29.0,0.0,Master,92586.0,0.252,4.0,0.0,4.1,0
EMP0831,2022-07-21 02:34:36.797088,HR,Lead,Contract,35.0,17.0,High School,96347.0,0.2,4.0,2.0,10.3,0
EMP0832,2022-07-24 10:19:45.805277,Finance,Mid,Contract,59.0,13.0,PhD,14884.0,0.193,4.0,5.0,19.0,0
EMP0833,2022-07-27 18:04:54.813466,IT,Manager,Full-time,57.0,21.0,Bachelor,62738.0,0.152,4.0,5.0,3.8,0
EMP0834,2022-07-31 01:50:03.821656,Marketing,Manager,Intern,29.0,13.0,PhD,22966.0,0.121,5.0,4.0,7.6,0
EMP0835,2022-08-03 09:35:12.829845,Marketing,Mid,Part-time,25.0,2.0,phd,35487.0,0.108,3.0,5.0,6.2,0
EMP0836,2022-08-06 17:20:21.838034,Operations,Mid,Contract,58.0,19.0,Bachelor,45536.0,0.029,3.0,3.0,59.6,0
EMP0837,2022-08-10 01:05:30.846223,Marketing,Mid,Part-time,30.0,0.0,Master,35849.0,0.115,5.0,0.0,14.4,0
EMP0838,2022-08-13 08:50:39.854413,Operations,Lead,Full-time,55.0,16.0,High School,58814.0,0.075,4.0,2.0,29.9,1
EMP0839,2022-08-16 16:35:48.862602,Engineering,Senior,Full-time,32.0,4.0,Master,101459.0,0.172,3.0,3.0,14.0,0
EMP0840,2022-08-20 00:20:57.870791,Marketing,Manager,Part-time,,22.0,Bachelor,59731.0,0.123,4.0,0.0,7.6,0
EMP0841,2022-08-23 08:06:06.878980,Sales,Mid,Full-time,36.0,25.0,bachelor,44828.0,0.178,5.0,4.0,32.3,0
EMP0842,2022-08-26 15:51:15.887170,Legal,Senior,Intern,28.0,11.0,Bachelor,73909.0,0.015,3.0,,10.6,0
EMP0843,2022-08-29 23:36:24.895359,HR,Director,Intern,23.0,0.0,High School,58805.0,0.074,4.0,3.0,6.3,0
EMP0844,2022-09-02 07:21:33.903548,Legal,Manager,Full-time,58.0,12.0,PhD,108232.0,0.155,3.0,4.0,0.1,0
EMP0845,2022-09-05 15:06:42.911737,Marketing,Director,Full-time,46.0,21.0,bachelor,54971.0,0.03,5.0,4.0,2.9,0
EMP0846,2022-09-08 22:51:51.919927,IT,Director,Part-time,28.0,12.0,High School,41461.0,0.027,5.0,,4.7,0
EMP0847,2022-09-12 06:37:00.928116,Marketing,Manager,Part-time,59.0,3.0,,20990.0,0.159,3.0,2.0,10.1,0
EMP0848,2022-09-15 14:22:09.936305,IT,Mid,Part-time,64.0,23.0,phd,102977.0,0.153,,0.0,17.2,1
EMP0849,2022-09-18 22:07:18.944494,Legal,Director,Contract,22.0,27.0,High School,49095.0,0.213,4.0,0.0,9.1,1
EMP0850,2022-09-22 05:52:27.952684,Finance,Director,Full-time,26.0,28.0,Master,26246.0,0.059,5.0,0.0,75.3,0
EMP0851,2022-09-25 13:37:36.960873,Finance,Senior,Part-time,54.0,15.0,phd,63787.0,0.018,2.0,3.0,14.9,0
EMP0852,2022-09-28 21:22:45.969062,HR,Mid,Contract,22.0,7.0,bachelor,32918.0,,4.0,3.0,21.6,0
EMP0853,2022-10-02 05:07:54.977252,IT,Director,Contract,53.0,12.0,Bachelor,74527.0,0.239,1.0,1.0,1.3,0
EMP0854,2022-10-05 12:53:03.985441,Marketing,Senior,Full-time,31.0,25.0,phd,39098.0,0.119,3.0,2.0,29.3,0
EMP0855,2022-10-08 20:38:12.993630,Sales,Junior,Contract,36.0,7.0,Master,,0.02,4.0,0.0,67.0,0
EMP0856,2022-10-12 04:23:22.001819,HR,Junior,Intern,59.0,17.0,Bachelor,61529.0,,5.0,4.0,15.1,0
EMP0857,2022-10-15 12:08:31.010009,Legal,Manager,Intern,48.0,23.0,PhD,129061.0,0.07,1.0,3.0,25.1,0
EMP0858,2022-10-18 19:53:40.018198,IT,Senior,Part-time,45.0,5.0,MASTER,80717.0,,3.0,5.0,32.1,1
EMP0859,2022-10-22 03:38:49.026387,Marketing,Lead,Full-time,46.0,14.0,Bachelor,84018.0,,3.0,3.0,10.4,0
EMP0860,2022-10-25 11:23:58.034576,Operations,Manager,Full-time,36.0,12.0,MASTER,44759.0,0.287,4.0,1.0,19.0,0
EMP0861,2022-10-28 19:09:07.042766,HR,Manager,Intern,57.0,24.0,bachelor,86239.0,0.263,,,5.2,0
EMP0862,2022-11-01 02:54:16.050955,IT,Manager,Contract,54.0,26.0,MASTER,84427.0,0.126,4.0,1.0,40.7,0
EMP0863,2022-11-04 10:39:25.059144,Operations,Manager,Intern,43.0,17.0,phd,61765.0,0.173,2.0,4.0,0.3,0
EMP0864,2022-11-07 18:24:34.067333,HR,Mid,Full-time,31.0,25.0,High School,,0.181,3.0,4.0,29.1,0
EMP0865,2022-11-11 02:09:43.075523,IT,Manager,Full-time,54.0,29.0,phd,35981.0,0.052,3.0,0.0,12.5,0
EMP0866,2022-11-14 09:54:52.083712,Engineering,Mid,Contract,56.0,10.0,High School,53987.0,0.037,4.0,,11.5,0
EMP0867,2022-11-17 17:40:01.091901,Operations,Lead,Contract,40.0,29.0,phd,56798.0,0.017,3.0,4.0,52.5,1
EMP0868,2022-11-21 01:25:10.100090,Sales,Lead,Part-time,29.0,22.0,MASTER,25886.0,0.135,2.0,1.0,16.4,0
EMP0869,2022-11-24 09:10:19.108280,Sales,Junior,Intern,48.0,0.0,Bachelor,67894.0,0.222,3.0,3.0,5.8,0
EMP0870,2022-11-27 16:55:28.116469,Operations,Manager,Full-time,42.0,3.0,MASTER,32925.0,0.128,3.0,0.0,7.8,0
EMP0871,2022-12-01 00:40:37.124658,Sales,Manager,Part-time,61.0,20.0,PhD,47899.0,0.221,3.0,0.0,3.5,0
EMP0872,2022-12-04 08:25:46.132848,Legal,Senior,Part-time,52.0,12.0,,69417.0,0.206,3.0,2.0,4.8,1
EMP0873,2022-12-07 16:10:55.141037,Legal,Lead,Contract,29.0,12.0,Bachelor,53719.0,0.082,3.0,3.0,26.3,0
EMP0874,2022-12-10 23:56:04.149226,Sales,Lead,Full-time,43.0,9.0,bachelor,93881.0,0.196,1.0,,11.4,1
EMP0875,2022-12-14 07:41:13.157415,Engineering,Senior,Contract,23.0,17.0,Master,58193.0,0.292,,3.0,32.1,0
EMP0876,2022-12-17 15:26:22.165605,IT,Manager,Part-time,52.0,9.0,phd,49138.0,0.028,4.0,0.0,40.8,0
EMP0877,2022-12-20 23:11:31.173794,HR,Senior,Part-time,28.0,18.0,phd,34137.0,0.007,5.0,1.0,12.4,0
EMP0878,2022-12-24 06:56:40.181983,Marketing,Director,Part-time,40.0,29.0,High School,29279.0,0.158,3.0,0.0,0.8,0
EMP0879,2022-12-27 14:41:49.190172,Engineering,Senior,Full-time,32.0,19.0,PhD,35040.0,0.235,4.0,1.0,9.2,0
EMP0880,2022-12-30 22:26:58.198362,Operations,Mid,Part-time,57.0,24.0,bachelor,36152.0,0.231,5.0,0.0,12.3,1
EMP0881,2023-01-03 06:12:07.206551,IT,Manager,Contract,33.0,14.0,,38552.0,0.193,3.0,,8.8,0
EMP0882,2023-01-06 13:57:16.214740,IT,Manager,Full-time,42.0,17.0,PhD,12951.0,0.235,4.0,4.0,3.7,1
EMP0883,2023-01-09 21:42:25.222929,Sales,Mid,Contract,52.0,21.0,Master,106946.0,0.0,,2.0,10.2,0
EMP0884,2023-01-13 05:27:34.231119,Engineering,Junior,Part-time,37.0,18.0,phd,56812.0,0.026,5.0,0.0,5.4,0
EMP0885,2023-01-16 13:12:43.239308,Marketing,Senior,Part-time,,13.0,Master,,0.168,,0.0,48.8,0
EMP0886,2023-01-19 20:57:52.247497,IT,Junior,Contract,32.0,21.0,phd,19047.0,0.214,4.0,0.0,2.2,0
EMP0887,2023-01-23 04:43:01.255686,Sales,Mid,Part-time,40.0,13.0,Bachelor,105958.0,0.209,3.0,3.0,29.2,0
EMP0888,2023-01-26 12:28:10.263876,Marketing,Mid,Contract,39.0,26.0,High School,43483.0,,1.0,2.0,21.6,0
EMP0889,2023-01-29 20:13:19.272065,Sales,Senior,Contract,27.0,19.0,MASTER,32573.0,0.034,4.0,2.0,40.2,0
EMP0890,2023-02-02 03:58:28.280254,Marketing,Senior,Contract,36.0,10.0,PhD,32321.0,0.271,5.0,2.0,2.9,0
EMP0891,2023-02-05 11:43:37.288444,Marketing,Lead,Full-time,44.0,13.0,High School,22116.0,0.034,2.0,3.0,19.2,0
EMP0892,2023-02-08 19:28:46.296633,HR,Junior,Full-time,44.0,17.0,Master,39018.0,0.215,3.0,2.0,28.9,0
EMP0893,2023-02-12 03:13:55.304822,Engineering,Mid,Contract,44.0,4.0,High School,74701.0,0.218,3.0,1.0,11.2,0
EMP0894,2023-02-15 10:59:04.313011,Marketing,Director,Contract,59.0,21.0,Bachelor,47215.0,0.059,4.0,2.0,42.1,0
EMP0895,2023-02-18 18:44:13.321201,HR,Manager,Full-time,37.0,7.0,Master,59031.0,0.001,3.0,0.0,21.9,0
EMP0896,2023-02-22 02:29:22.329390,Finance,Lead,Full-time,41.0,9.0,PhD,57084.0,0.057,2.0,4.0,18.1,0
EMP0897,2023-02-25 10:14:31.337579,Marketing,Mid,Intern,49.0,15.0,,39723.0,0.097,3.0,3.0,1.0,0
EMP0898,2023-02-28 17:59:40.345768,Sales,Lead,Intern,35.0,24.0,PhD,34520.0,0.228,3.0,,28.5,0
EMP0899,2023-03-04 01:44:49.353958,Marketing,Senior,Intern,29.0,28.0,High School,67820.0,0.285,5.0,4.0,4.4,1
EMP0900,2023-03-07 09:29:58.362147,Legal,Director,Part-time,,15.0,High School,51392.0,0.295,2.0,0.0,4.9,0
EMP0901,2023-03-10 17:15:07.370336,Marketing,Mid,Intern,39.0,24.0,High School,71948.0,0.226,1.0,3.0,40.3,0
EMP0902,2023-03-14 01:00:16.378525,Engineering,Lead,Contract,62.0,0.0,,23114.0,0.228,4.0,5.0,27.5,1
EMP0903,2023-03-17 08:45:25.386715,IT,Manager,Contract,37.0,5.0,MASTER,31577.0,0.141,3.0,,5.2,0
EMP0904,2023-03-20 16:30:34.394904,Sales,Director,Intern,40.0,9.0,,35996.0,0.106,4.0,,44.0,0
EMP0905,2023-03-24 00:15:43.403093,Marketing,Manager,Intern,39.0,24.0,MASTER,25593.0,0.217,3.0,,5.4,0
EMP0906,2023-03-27 08:00:52.411282,IT,Senior,Part-time,51.0,19.0,Master,131388.0,0.268,3.0,0.0,4.5,0
EMP0907,2023-03-30 15:46:01.419472,Finance,Manager,Part-time,50.0,2.0,Bachelor,38112.0,0.078,1.0,0.0,15.3,0
EMP0908,2023-04-02 23:31:10.427661,Marketing,Lead,Contract,25.0,2.0,phd,83763.0,0.239,2.0,4.0,12.1,0
EMP0909,2023-04-06 07:16:19.435850,Sales,Lead,Intern,62.0,22.0,,20502.0,0.284,,1.0,0.1,1
EMP0910,2023-04-09 15:01:28.444040,Sales,Director,Full-time,22.0,9.0,PhD,122127.0,0.106,3.0,,6.4,1
EMP0911,2023-04-12 22:46:37.452229,Operations,Senior,Part-time,32.0,12.0,Bachelor,37207.0,0.212,2.0,4.0,22.0,1
EMP0912,2023-04-16 06:31:46.460418,Marketing,Senior,Intern,55.0,28.0,MASTER,47924.0,0.018,3.0,1.0,50.2,0
EMP0913,2023-04-19 14:16:55.468607,Sales,Manager,Intern,48.0,1.0,High School,25033.0,0.181,4.0,1.0,12.0,0
EMP0914,2023-04-22 22:02:04.476797,Operations,Senior,Part-time,61.0,13.0,,29480.0,0.054,5.0,4.0,6.9,0
EMP0915,2023-04-26 05:47:13.484986,Marketing,Lead,Contract,30.0,7.0,bachelor,34300.0,0.199,,2.0,16.5,0
EMP0916,2023-04-29 13:32:22.493175,Finance,Manager,Part-time,,13.0,PhD,,0.018,3.0,0.0,761.9016445079938,0
EMP0917,2023-05-02 21:17:31.501364,Sales,Junior,Intern,43.0,21.0,High School,40917.0,0.017,4.0,2.0,9.5,0
EMP0918,2023-05-06 05:02:40.509554,IT,Manager,Full-time,37.0,25.0,MASTER,23215.0,0.142,3.0,,6.3,0
EMP0919,2023-05-09 12:47:49.517743,IT,Director,Part-time,33.0,15.0,High School,54909.0,0.191,4.0,,0.8,0
EMP0920,2023-05-12 20:32:58.525932,Finance,Director,Contract,28.0,15.0,Bachelor,72260.0,0.264,4.0,2.0,1.6,0
EMP0921,2023-05-16 04:18:07.534121,Engineering,Manager,Contract,38.0,26.0,Bachelor,27028.0,0.205,3.0,2.0,56.2,0
EMP0922,2023-05-19 12:03:16.542311,Legal,Senior,Intern,27.0,26.0,,41326.0,0.153,4.0,4.0,0.7,0
EMP0923,2023-05-22 19:48:25.550500,Marketing,Lead,Part-time,37.0,29.0,Bachelor,90869.0,0.205,4.0,4.0,7.9,0
EMP0924,2023-05-26 03:33:34.558689,Legal,Manager,Contract,35.0,6.0,MASTER,42125.0,0.296,4.0,2.0,26.6,1
EMP0925,2023-05-29 11:18:43.566878,Finance,Lead,Full-time,22.0,26.0,High School,27071.0,,4.0,5.0,1.0,1
EMP0926,2023-06-01 19:03:52.575068,Sales,Junior,Intern,24.0,23.0,bachelor,62716.0,,4.0,4.0,22.1,1
EMP0927,2023-06-05 02:49:01.583257,HR,Mid,Contract,31.0,18.0,Bachelor,47219.0,0.008,3.0,4.0,4.0,0
EMP0928,2023-06-08 10:34:10.591446,Operations,Manager,Full-time,39.0,26.0,Bachelor,99852.0,0.092,4.0,3.0,1.3,1
EMP0929,2023-06-11 18:19:19.599636,Operations,Manager,Part-time,40.0,10.0,bachelor,17990.0,0.162,3.0,4.0,78.2,0
EMP0930,2023-06-15 02:04:28.607825,Marketing,Director,Full-time,61.0,4.0,bachelor,63728.0,,3.0,,16.3,0
EMP0931,2023-06-18 09:49:37.616014,Legal,Lead,Full-time,,10.0,MASTER,38298.0,0.204,4.0,1.0,23.8,0
EMP0932,2023-06-21 17:34:46.624203,Operations,Junior,Full-time,64.0,28.0,MASTER,898337.4740305995,0.082,,0.0,12.5,0
EMP0933,2023-06-25 01:19:55.632393,HR,Senior,Intern,32.0,25.0,bachelor,49647.0,0.285,4.0,,6.9,0
EMP0934,2023-06-28 09:05:04.640582,Sales,Senior,Contract,34.0,7.0,phd,34344.0,0.228,3.0,4.0,4.0,0
EMP0935,2023-07-01 16:50:13.648771,Operations,Mid,Contract,64.0,18.0,High School,69124.0,0.003,5.0,0.0,15.2,1
EMP0936,2023-07-05 00:35:22.656960,IT,Senior,Intern,51.0,19.0,High School,30885.0,0.199,5.0,1.0,7.8,0
EMP0937,2023-07-08 08:20:31.665150,Marketing,Mid,Contract,23.0,1.0,Bachelor,54927.0,0.029,3.0,5.0,20.6,0
EMP0938,2023-07-11 16:05:40.673339,HR,Mid,Contract,51.0,23.0,Bachelor,40159.0,0.212,3.0,2.0,57.0,0
EMP0939,2023-07-14 23:50:49.681528,Finance,Lead,Intern,28.0,28.0,Master,27861.0,0.252,4.0,2.0,13.0,0
EMP0940,2023-07-18 07:35:58.689717,HR,Junior,Part-time,35.0,26.0,Master,65044.0,0.09,,0.0,6.7,0
EMP0941,2023-07-21 15:21:07.697907,HR,Mid,Part-time,29.0,13.0,MASTER,61687.0,0.058,3.0,,31.1,0
EMP0942,2023-07-24 23:06:16.706096,Finance,Junior,Intern,35.0,19.0,Bachelor,45468.0,0.2,4.0,1.0,29.2,0
EMP0943,2023-07-28 06:51:25.714285,Sales,Manager,Contract,37.0,1.0,PhD,65166.0,0.117,3.0,0.0,21.3,0
EMP0944,2023-07-31 14:36:34.722474,HR,Senior,Full-time,45.0,5.0,MASTER,59617.0,0.17,4.0,0.0,4.2,0
EMP0945,2023-08-03 22:21:43.730664,Finance,Mid,Intern,43.0,7.0,bachelor,23306.0,0.16,,0.0,0.2,0
EMP0946,2023-08-07 06:06:52.738853,Sales,Senior,Full-time,25.0,1.0,PhD,89507.0,0.272,3.0,3.0,2.6,1
EMP0947,2023-08-10 13:52:01.747042,Sales,Manager,Contract,41.0,1.0,High School,55933.0,0.076,2.0,0.0,6.9,0
EMP0948,2023-08-13 21:37:10.755232,Finance,Director,Part-time,51.0,3.0,Master,127451.0,0.02,5.0,,15.8,0
EMP0949,2023-08-17 05:22:19.763421,Operations,Mid,Part-time,39.0,10.0,MASTER,,0.088,3.0,0.0,26.1,1
EMP0950,2023-08-20 13:07:28.771610,Marketing,Senior,Contract,28.0,15.0,Bachelor,54492.0,0.207,5.0,4.0,9.8,1
EMP0951,2023-08-23 20:52:37.779799,Marketing,Mid,Contract,37.0,1.0,MASTER,39944.0,0.06,5.0,5.0,24.1,0
EMP0952,2023-08-27 04:37:46.787989,Finance,Senior,Part-time,59.0,24.0,bachelor,14193.0,0.024,3.0,2.0,7.3,1
EMP0953,2023-08-30 12:22:55.796178,Sales,Director,Part-time,35.0,22.0,PhD,28165.0,0.077,4.0,0.0,0.0,0
EMP0954,2023-09-02 20:08:04.804367,Legal,Director,Full-time,58.0,6.0,,22014.0,0.118,3.0,,18.4,0
EMP0955,2023-09-06 03:53:13.812556,Legal,Mid,Full-time,23.0,20.0,bachelor,,0.283,5.0,3.0,2.0,1
EMP0956,2023-09-09 11:38:22.820746,Finance,Manager,Intern,35.0,16.0,PhD,27101.0,0.112,4.0,5.0,0.1,0
EMP0957,2023-09-12 19:23:31.828935,Finance,Senior,Full-time,46.0,3.0,phd,30158.0,0.071,4.0,4.0,33.7,1
EMP0958,2023-09-16 03:08:40.837124,Marketing,Senior,Full-time,30.0,2.0,phd,22298.0,0.032,1.0,3.0,6.2,0
EMP0959,2023-09-19 10:53:49.845313,Legal,Manager,Contract,30.0,8.0,,42987.0,0.191,4.0,4.0,12.9,0
EMP0960,2023-09-22 18:38:58.853503,IT,Junior,Contract,57.0,15.0,Bachelor,73027.0,0.02,4.0,4.0,38.1,0
EMP0961,2023-09-26 02:24:07.861692,Legal,Manager,Part-time,49.0,26.0,MASTER,27958.0,0.177,3.0,5.0,15.3,1
EMP0962,2023-09-29 10:09:16.869881,Sales,Mid,Full-time,58.0,13.0,PhD,97020.0,0.249,4.0,3.0,32.0,0
EMP0963,2023-10-02 17:54:25.878070,Sales,Senior,Intern,39.0,14.0,Bachelor,55279.0,0.29,4.0,,8.6,1
EMP0964,2023-10-06 01:39:34.886260,IT,Manager,Full-time,47.0,27.0,High School,40551.0,0.154,1.0,4.0,3.3,1
EMP0965,2023-10-09 09:24:43.894449,Engineering,Lead,Full-time,38.0,29.0,bachelor,75101.0,0.005,5.0,5.0,51.1,0
EMP0966,2023-10-12 17:09:52.902638,Finance,Lead,Contract,40.0,22.0,bachelor,46481.0,0.262,4.0,,5.2,0
EMP0967,2023-10-16 00:55:01.910828,Operations,Senior,Full-time,52.0,20.0,Bachelor,,0.219,3.0,2.0,5.0,0
EMP0968,2023-10-19 08:40:10.919017,Operations,Junior,Intern,28.0,22.0,phd,88404.0,0.121,5.0,,48.8,0
EMP0969,2023-10-22 16:25:19.927206,Finance,Director,Part-time,46.0,19.0,phd,54227.0,0.018,4.0,3.0,36.1,0
EMP0970,2023-10-26 00:10:28.935395,HR,Director,Contract,58.0,2.0,,,0.098,5.0,0.0,21.4,0
EMP0971,2023-10-29 07:55:37.943585,Legal,Lead,Contract,32.0,17.0,,28479.0,,3.0,1.0,4.2,0
EMP0972,2023-11-01 15:40:46.951774,IT,Junior,Intern,61.0,2.0,PhD,34820.0,0.157,5.0,0.0,18.7,0
EMP0973,2023-11-04 23:25:55.959963,Finance,Junior,Intern,36.0,14.0,High School,40180.0,0.02,4.0,0.0,35.4,0
EMP0974,2023-11-08 07:11:04.968152,IT,Junior,Part-time,56.0,24.0,phd,70378.0,0.25,2.0,,30.3,0
EMP0975,2023-11-11 14:56:13.976342,Engineering,Senior,Part-time,27.0,7.0,Master,81452.0,0.196,3.0,1.0,16.1,0
EMP0976,2023-11-14 22:41:22.984531,Marketing,Director,Part-time,48.0,9.0,PhD,134925.0,0.092,3.0,3.0,29.5,0
EMP0977,2023-11-18 06:26:31.992720,Finance,Senior,Full-time,64.0,10.0,High School,82184.0,0.087,4.0,5.0,12.5,0
EMP0978,2023-11-21 14:11:41.000909,Operations,Lead,Part-time,32.0,9.0,bachelor,37116.0,0.224,5.0,5.0,7.9,0
EMP0979,2023-11-24 21:56:50.009099,HR,Lead,Full-time,59.0,25.0,High School,34563.0,0.23,3.0,5.0,18.1,0
EMP0980,2023-11-28 05:41:59.017288,IT,Mid,Intern,26.0,6.0,PhD,71764.0,0.065,4.0,,13.2,1
EMP0981,2023-12-01 13:27:08.025477,HR,Director,Contract,34.0,25.0,,52789.0,0.068,5.0,0.0,34.1,0
EMP0982,2023-12-04 21:12:17.033666,Marketing,Director,Intern,38.0,22.0,phd,56301.0,0.029,5.0,,14.5,0
EMP0983,2023-12-08 04:57:26.041856,HR,Mid,Full-time,29.0,29.0,bachelor,28423.0,0.079,3.0,0.0,11.3,0
EMP0984,2023-12-11 12:42:35.050045,Legal,Lead,Intern,61.0,24.0,Master,33006.0,0.133,3.0,1.0,35.7,0
EMP0985,2023-12-14 20:27:44.058234,IT,Senior,Intern,58.0,4.0,phd,19869.0,0.108,,2.0,14.2,0
EMP0986,2023-12-18 04:12:53.066424,HR,Senior,Intern,60.0,29.0,bachelor,138160.0,0.134,2.0,1.0,11.1,0
EMP0987,2023-12-21 11:58:02.074613,Marketing,Mid,Full-time,47.0,27.0,bachelor,,0.239,2.0,1.0,13.5,0
EMP0988,2023-12-24 19:43:11.082802,Engineering,Manager,Contract,50.0,8.0,PhD,31969.0,0.284,2.0,1.0,24.7,0
EMP0989,2023-12-28 03:28:20.090991,Marketing,Mid,Full-time,54.0,1.0,PhD,27346.0,0.16,4.0,2.0,7.0,0
EMP0990,2023-12-31 11:13:29.099181,Finance,Junior,Full-time,26.0,4.0,MASTER,46071.0,0.254,2.0,3.0,23.1,0
EMP0991,2024-01-03 18:58:38.107370,IT,Senior,Contract,47.0,20.0,phd,102438.0,0.025,4.0,,30.3,1
EMP0992,2024-01-07 02:43:47.115559,IT,Mid,Contract,26.0,4.0,PhD,52576.0,0.224,3.0,,50.5,1
EMP0993,2024-01-10 10:28:56.123748,Finance,Lead,Part-time,61.0,5.0,,41825.0,,5.0,2.0,1.8,0
EMP0994,2024-01-13 18:14:05.131938,HR,Manager,Full-time,43.0,16.0,Bachelor,35859.0,0.279,4.0,0.0,21.1,0
EMP0995,2024-01-17 01:59:14.140127,Operations,Lead,Intern,41.0,21.0,PhD,35952.0,0.125,4.0,4.0,40.0,0
EMP0996,2024-01-20 09:44:23.148316,IT,Mid,Contract,28.0,16.0,bachelor,,0.066,3.0,,4.5,0
EMP0997,2024-01-23 17:29:32.156505,Finance,Senior,Full-time,54.0,22.0,phd,39303.0,0.266,1.0,4.0,1.5,0
EMP0998,2024-01-27 01:14:41.164695,Legal,Manager,Part-time,30.0,17.0,,124971.0,0.224,3.0,3.0,8.3,0
EMP0999,2024-01-30 08:59:50.172884,Sales,Manager,Contract,22.0,21.0,bachelor,16609.0,0.11,2.0,1.0,9.8,0
EMP1000,2024-02-02 16:44:59.181073,Sales,Senior,Intern,39.0,6.0,High School,53315.0,,4.0,5.0,5.3,1
EMP1001,2024-02-06 00:30:08.189262,Finance,Senior,Contract,51.0,27.0,Bachelor,71023.0,0.125,3.0,,56.4,1
EMP1002,2024-02-09 08:15:17.197452,Legal,Senior,Contract,37.0,22.0,PhD,19386.0,,4.0,,21.8,0
EMP1003,2024-02-12 16:00:26.205641,Sales,Junior,Intern,61.0,3.0,Master,88215.0,0.066,4.0,0.0,2.6,0
EMP1004,2024-02-15 23:45:35.213830,Operations,Director,Contract,38.0,22.0,phd,39377.0,0.147,3.0,2.0,23.2,0
EMP1005,2024-02-19 07:30:44.222020,Operations,Manager,Intern,44.0,27.0,,21635.0,0.248,5.0,3.0,6.9,0
EMP1006,2024-02-22 15:15:53.230209,Marketing,Lead,Intern,,22.0,High School,52282.0,0.088,3.0,4.0,15.3,0
EMP1007,2024-02-25 23:01:02.238398,HR,Director,Intern,35.0,1.0,High School,49817.0,0.204,3.0,2.0,31.2,0
EMP1008,2024-02-29 06:46:11.246587,Operations,Senior,Intern,44.0,13.0,phd,59624.0,0.148,2.0,3.0,23.2,1
EMP1009,2024-03-03 14:31:20.254777,Sales,Junior,Contract,23.0,13.0,phd,49176.0,0.129,3.0,0.0,17.6,0
EMP1010,2024-03-06 22:16:29.262966,Legal,Director,Part-time,44.0,12.0,PhD,42510.0,0.006,4.0,2.0,2.3,0
EMP1011,2024-03-10 06:01:38.271155,Sales,Lead,Contract,,24.0,Master,43184.0,0.046,2.0,1.0,74.8,0
EMP1012,2024-03-13 13:46:47.279344,IT,Lead,Intern,23.0,21.0,PhD,50716.0,0.175,2.0,3.0,18.9,0
EMP1013,2024-03-16 21:31:56.287534,Legal,Senior,Intern,56.0,25.0,bachelor,60983.0,0.165,4.0,1.0,28.9,0
EMP1014,2024-03-20 05:17:05.295723,Legal,Lead,Part-time,40.0,12.0,phd,46584.0,0.114,3.0,0.0,9.4,0
EMP1015,2024-03-23 13:02:14.303912,HR,Lead,Part-time,,5.0,phd,120526.0,0.144,5.0,5.0,39.3,0
EMP1016,2024-03-26 20:47:23.312101,Operations,Lead,Part-time,56.0,17.0,MASTER,61462.0,0.204,5.0,,5.5,0
EMP1017,2024-03-30 04:32:32.320291,HR,Junior,Part-time,45.0,6.0,phd,74864.0,0.269,3.0,3.0,2.1,0
EMP1018,2024-04-02 12:17:41.328480,Engineering,Director,Intern,45.0,20.0,bachelor,37235.0,0.283,4.0,3.0,48.0,0
EMP1019,2024-04-05 20:02:50.336669,HR,Mid,Part-time,23.0,11.0,phd,52237.0,0.217,4.0,0.0,57.8,0
EMP1020,2024-04-09 03:47:59.344858,IT,Junior,Part-time,43.0,4.0,Bachelor,103177.0,0.07,3.0,,0.9,0
EMP1021,2024-04-12 11:33:08.353048,Engineering,Lead,Full-time,63.0,16.0,Bachelor,26560.0,0.113,4.0,0.0,6.4,0
EMP1022,2024-04-15 19:18:17.361237,HR,Junior,Part-time,31.0,23.0,High School,29063.0,0.024,3.0,4.0,10.8,0
EMP1023,2024-04-19 03:03:26.369426,Operations,Manager,Contract,49.0,15.0,phd,,0.236,5.0,,1.5,0
EMP1024,2024-04-22 10:48:35.377616,Operations,Lead,Intern,,8.0,bachelor,28961.0,0.027,1.0,0.0,13.8,0
EMP1025,2024-04-25 18:33:44.385805,Marketing,Lead,Part-time,28.0,26.0,Master,22817.0,0.255,4.0,3.0,52.6,0
EMP1026,2024-04-29 02:18:53.393994,Operations,Lead,Full-time,46.0,2.0,PhD,179435.0,0.041,3.0,,27.6,0
EMP1027,2024-05-02 10:04:02.402183,HR,Junior,Contract,,25.0,bachelor,98830.0,0.152,3.0,2.0,5.4,0
EMP1028,2024-05-05 17:49:11.410373,Marketing,Director,Full-time,64.0,12.0,High School,28130.0,0.075,2.0,0.0,8.1,0
EMP1029,2024-05-09 01:34:20.418562,Operations,Junior,Full-time,33.0,5.0,Master,41291.0,0.014,5.0,,17.6,1
EMP1030,2024-05-12 09:19:29.426751,Engineering,Lead,Part-time,53.0,29.0,High School,47052.0,0.258,1.0,2.0,36.1,0
EMP1031,2024-05-15 17:04:38.434940,IT,Senior,Intern,54.0,10.0,High School,80999.0,0.055,5.0,,20.8,0
EMP1032,2024-05-19 00:49:47.443130,Legal,Junior,Intern,38.0,19.0,Bachelor,26606.0,0.134,4.0,3.0,17.3,0
EMP1033,2024-05-22 08:34:56.451319,Finance,Senior,Intern,24.0,7.0,Master,50768.0,0.23,4.0,,7.2,0
EMP1034,2024-05-25 16:20:05.459508,IT,Mid,Part-time,57.0,10.0,PhD,167602.0,0.199,5.0,1.0,72.0,0
EMP1035,2024-05-29 00:05:14.467697,Operations,Director,Contract,,19.0,PhD,106997.0,0.122,3.0,,23.3,0
EMP1036,2024-06-01 07:50:23.475887,Finance,Senior,Part-time,57.0,21.0,bachelor,39866.0,0.186,3.0,1.0,22.7,0
EMP1037,2024-06-04 15:35:32.484076,Marketing,Mid,Contract,46.0,11.0,PhD,39514.0,0.256,,4.0,53.5,0
EMP1038,2024-06-07 23:20:41.492265,Sales,Senior,Part-time,47.0,11.0,MASTER,74043.0,0.197,,1.0,7.5,0
EMP1039,2024-06-11 07:05:50.500454,Operations,Senior,Intern,38.0,14.0,Bachelor,15386.0,0.29,4.0,0.0,12.9,0
EMP1040,2024-06-14 14:50:59.508644,Sales,Manager,Contract,28.0,20.0,MASTER,61267.0,0.076,4.0,,51.2,0
EMP1041,2024-06-17 22:36:08.516833,Marketing,Senior,Intern,56.0,11.0,PhD,33792.0,0.124,2.0,,64.8,0
EMP1042,2024-06-21 06:21:17.525022,Operations,Junior,Contract,50.0,15.0,Master,133094.0,0.024,4.0,4.0,19.1,1
EMP1043,2024-06-24 14:06:26.533212,Operations,Junior,Part-time,32.0,12.0,bachelor,,0.165,3.0,5.0,18.8,0
EMP1044,2024-06-27 21:51:35.541401,IT,Mid,Part-time,53.0,20.0,Master,51220.0,0.241,4.0,3.0,7.0,0
EMP1045,2024-07-01 05:36:44.549590,IT,Mid,Part-time,40.0,15.0,bachelor,60783.0,0.145,4.0,1.0,10.8,0
EMP1046,2024-07-04 13:21:53.557779,Sales,Director,Full-time,34.0,13.0,MASTER,,0.243,3.0,0.0,12.4,0
EMP1047,2024-07-07 21:07:02.565969,Finance,Senior,Part-time,47.0,0.0,bachelor,57308.0,,4.0,2.0,37.8,1
EMP1048,2024-07-11 04:52:11.574158,Operations,Junior,Part-time,38.0,9.0,Master,25168.0,0.037,3.0,1.0,37.6,0
EMP1049,2024-07-14 12:37:20.582347,Finance,Junior,Full-time,32.0,0.0,Master,56504.0,0.073,4.0,,7.6,0
EMP1050,2024-07-17 20:22:29.590536,Operations,Director,Intern,64.0,11.0,PhD,126192.0,0.238,5.0,4.0,6.5,1
EMP1051,2024-07-21 04:07:38.598726,Finance,Director,Intern,25.0,5.0,High School,40696.0,0.045,3.0,,10.6,0
EMP1052,2024-07-24 11:52:47.606915,Engineering,Lead,Intern,35.0,26.0,phd,,0.002,4.0,3.0,6.6,0
EMP1053,2024-07-27 19:37:56.615104,Legal,Director,Contract,40.0,14.0,High School,60800.0,,4.0,1.0,10.8,0
EMP1054,2024-07-31 03:23:05.623293,Legal,Senior,Full-time,61.0,24.0,PhD,97349.0,0.2,,1.0,5.9,0
EMP1055,2024-08-03 11:08:14.631483,Finance,Junior,Intern,64.0,2.0,,48579.0,0.147,3.0,,39.6,0
EMP1056,2024-08-06 18:53:23.639672,IT,Mid,Intern,54.0,25.0,PhD,34929.0,0.094,5.0,3.0,18.2,0
EMP1057,2024-08-10 02:38:32.647861,IT,Junior,Full-time,38.0,20.0,Master,44879.0,0.205,5.0,,47.4,0
EMP1058,2024-08-13 10:23:41.656050,Operations,Lead,Intern,,24.0,High School,31380.0,0.071,4.0,5.0,714.2221665806396,0
EMP1059,2024-08-16 18:08:50.664240,IT,Mid,Part-time,48.0,21.0,Bachelor,34105.0,0.226,3.0,3.0,46.6,0
EMP1060,2024-08-20 01:53:59.672429,Legal,Manager,Intern,45.0,18.0,High School,111276.0,0.153,5.0,4.0,21.6,0
EMP1061,2024-08-23 09:39:08.680618,Engineering,Director,Intern,47.0,14.0,phd,39303.0,0.295,,,14.8,1
EMP1062,2024-08-26 17:24:17.688808,Legal,Junior,Part-time,53.0,21.0,MASTER,66346.0,0.083,2.0,2.0,4.4,0
EMP1063,2024-08-30 01:09:26.696997,Engineering,Manager,Contract,49.0,5.0,MASTER,89205.0,0.22,3.0,1.0,857.1426875381928,0
EMP1064,2024-09-02 08:54:35.705186,Operations,Manager,Part-time,26.0,5.0,MASTER,,0.254,,2.0,38.1,0
EMP1065,2024-09-05 16:39:44.713375,Engineering,Director,Part-time,57.0,21.0,MASTER,41938.0,0.017,3.0,0.0,25.1,0
EMP1066,2024-09-09 00:24:53.721565,Operations,Director,Part-time,34.0,17.0,bachelor,19308.0,0.071,4.0,3.0,3.6,0
EMP1067,2024-09-12 08:10:02.729754,Operations,Director,Intern,54.0,15.0,High School,37080.0,0.031,3.0,1.0,6.4,0
EMP1068,2024-09-15 15:55:11.737943,Finance,Manager,Full-time,35.0,20.0,High School,97557.0,0.218,3.0,3.0,22.1,0
EMP1069,2024-09-18 23:40:20.746132,HR,Mid,Intern,47.0,5.0,MASTER,26244.0,0.054,5.0,,4.6,0
EMP1070,2024-09-22 07:25:29.754322,Operations,Junior,Contract,24.0,14.0,MASTER,50947.0,0.12,2.0,,0.2,0
EMP1071,2024-09-25 15:10:38.762511,Finance,Director,Part-time,23.0,13.0,MASTER,1199189.8229760635,0.16,4.0,0.0,4.3,0
EMP1072,2024-09-28 22:55:47.770700,Operations,Mid,Intern,53.0,17.0,Master,39624.0,0.0,4.0,4.0,8.9,0
EMP1073,2024-10-02 06:40:56.778889,IT,Director,Contract,57.0,6.0,Master,76282.0,0.187,4.0,,4.5,0
EMP1074,2024-10-05 14:26:05.787079,IT,Director,Part-time,35.0,22.0,Master,119434.0,0.254,4.0,0.0,2.9,0
EMP1075,2024-10-08 22:11:14.795268,Finance,Mid,Full-time,34.0,27.0,Bachelor,54912.0,0.282,4.0,3.0,29.9,1
EMP1076,2024-10-12 05:56:23.803457,Sales,Manager,Part-time,23.0,26.0,phd,28185.0,0.023,4.0,2.0,18.8,0
EMP1077,2024-10-15 13:41:32.811646,HR,Senior,Part-time,56.0,26.0,bachelor,,0.085,4.0,2.0,13.2,0
EMP1078,2024-10-18 21:26:41.819836,Sales,Mid,Full-time,30.0,28.0,Bachelor,50349.0,0.038,5.0,,6.3,0
EMP1079,2024-10-22 05:11:50.828025,Legal,Manager,Intern,22.0,29.0,,,0.195,4.0,1.0,5.2,0
EMP1080,2024-10-25 12:56:59.836214,Finance,Mid,Part-time,44.0,4.0,PhD,57407.0,0.074,5.0,3.0,37.0,0
EMP1081,2024-10-28 20:42:08.844404,Marketing,Junior,Full-time,30.0,2.0,phd,31613.0,0.163,3.0,0.0,40.7,0
EMP1082,2024-11-01 04:27:17.852593,Sales,Director,Intern,22.0,22.0,Bachelor,34997.0,0.097,3.0,4.0,64.4,0
EMP1083,2024-11-04 12:12:26.860782,Sales,Mid,Intern,43.0,13.0,Master,63998.0,0.053,3.0,0.0,13.1,0
EMP1084,2024-11-07 19:57:35.868971,Marketing,Mid,Intern,25.0,27.0,bachelor,101089.0,0.123,2.0,,0.5,0
EMP1085,2024-11-11 03:42:44.877161,Engineering,Lead,Intern,22.0,29.0,MASTER,61868.0,0.178,4.0,5.0,0.0,0
EMP1086,2024-11-14 11:27:53.885350,Legal,Director,Part-time,22.0,16.0,phd,39660.0,0.027,3.0,1.0,13.4,0
EMP1087,2024-11-17 19:13:02.893539,Marketing,Lead,Contract,43.0,6.0,phd,147376.0,0.044,4.0,0.0,4.5,0
EMP1088,2024-11-21 02:58:11.901728,Legal,Director,Contract,24.0,6.0,MASTER,17851.0,0.24,3.0,2.0,25.1,0
EMP1089,2024-11-24 10:43:20.909918,Operations,Manager,Part-time,22.0,15.0,High School,35369.0,0.167,4.0,3.0,2.6,0
EMP1090,2024-11-27 18:28:29.918107,IT,Mid,Intern,29.0,11.0,PhD,1520402.607558995,0.043,4.0,,10.4,0
EMP1091,2024-12-01 02:13:38.926296,HR,Manager,Contract,57.0,19.0,Bachelor,23846.0,0.271,4.0,,0.3,0
EMP1092,2024-12-04 09:58:47.934485,Legal,Senior,Intern,45.0,3.0,Bachelor,145700.0,0.045,3.0,,32.3,1
EMP1093,2024-12-07 17:43:56.942675,Sales,Senior,Intern,62.0,4.0,PhD,36325.0,0.102,3.0,5.0,13.1,0
EMP1094,2024-12-11 01:29:05.950864,HR,Lead,Full-time,49.0,5.0,,97150.0,0.137,3.0,,15.5,0
EMP1095,2024-12-14 09:14:14.959053,Engineering,Lead,Contract,29.0,7.0,PhD,48826.0,0.04,3.0,2.0,34.0,0
EMP1096,2024-12-17 16:59:23.967242,IT,Senior,Full-time,41.0,10.0,High School,,0.15,4.0,2.0,5.0,0
EMP1097,2024-12-21 00:44:32.975432,Engineering,Lead,Full-time,33.0,9.0,High School,84860.0,0.192,1.0,,39.9,1
EMP1098,2024-12-24 08:29:41.983621,Legal,Director,Contract,50.0,25.0,Bachelor,88262.0,0.093,5.0,3.0,9.8,1
EMP1099,2024-12-27 16:14:50.991810,Marketing,Lead,Intern,37.0,14.0,Master,22815.0,0.212,1.0,5.0,37.3,0
EMP1100,2024-12-31 00:00:00.000000,IT,Director,Full-time,41.0,9.0,bachelor,61694.0,0.264,4.0,3.0,35.7,0
EMP0470,2019-04-08 11:55:24.840764,IT,Mid,Contract,62.0,7.0,PhD,44987.0,,2.0,1.0,24.3,0
EMP0852,2022-09-28 21:22:45.969062,HR,Mid,Contract,22.0,7.0,bachelor,32918.0,,4.0,3.0,21.6,0
EMP0012,2015-02-06 13:16:39.090081,IT,Director,Contract,51.0,15.0,High School,115659.0,0.286,,1.0,8.0,0
EMP0789,2022-03-03 12:58:18.453139,Operations,Junior,Contract,54.0,18.0,phd,,0.174,4.0,3.0,4.2,0
EMP0605,2020-06-30 02:30:40.946314,Legal,Mid,Intern,,5.0,PhD,140186.0,0.211,4.0,0.0,24.8,0
EMP1083,2024-11-04 12:12:26.860782,Sales,Mid,Intern,43.0,13.0,Master,63998.0,0.053,3.0,0.0,13.1,0
EMP0435,2018-12-13 04:35:09.554140,Legal,Manager,Full-time,,8.0,,16018.0,0.191,3.0,5.0,11.0,0
EMP0425,2018-11-09 23:03:39.472247,HR,Mid,Part-time,31.0,24.0,phd,36036.0,0.282,4.0,0.0,1.3,0
EMP0788,2022-02-28 05:13:09.444949,Marketing,Junior,Intern,51.0,13.0,Bachelor,28993.0,0.25,3.0,2.0,4.8,0
EMP1100,2024-12-31 00:00:00.000000,IT,Director,Full-time,41.0,9.0,bachelor,61694.0,0.264,4.0,3.0,35.7,0
EMP0107,2015-12-19 05:45:54.868061,Operations,Lead,Contract,27.0,26.0,Master,50540.0,0.235,5.0,5.0,5.6,0
EMP0422,2018-10-30 23:48:12.447679,Finance,Lead,Full-time,56.0,17.0,PhD,54790.0,0.094,3.0,,0.5,0
EMP0923,2023-05-22 19:48:25.550500,Marketing,Lead,Part-time,37.0,29.0,Bachelor,90869.0,0.205,4.0,4.0,7.9,0
EMP0468,2019-04-01 20:25:06.824385,IT,Mid,Contract,38.0,23.0,phd,55971.0,0.089,1.0,2.0,13.1,0
EMP0401,2018-08-22 05:00:03.275705,Engineering,Director,Contract,56.0,27.0,MASTER,48662.0,0.037,1.0,0.0,18.7,0
EMP0301,2017-09-23 21:45:02.456778,Finance,Manager,Part-time,29.0,13.0,High School,22065.0,0.111,2.0,2.0,0.6,0
EMP0300,2017-09-20 13:59:53.448589,Operations,Manager,Contract,34.0,13.0,High School,50039.0,0.261,3.0,4.0,5.3,0
EMP0757,2021-11-17 04:53:30.191082,HR,Director,Intern,24.0,28.0,PhD,,0.095,4.0,,36.1,0
EMP0976,2023-11-14 22:41:22.984531,Marketing,Director,Part-time,48.0,9.0,PhD,134925.0,0.092,3.0,3.0,29.5,0
EMP0236,2017-02-19 21:50:16.924476,Finance,Manager,Contract,40.0,11.0,Bachelor,107995.0,0.02,4.0,5.0,18.3,0
EMP1010,2024-03-06 22:16:29.262966,Legal,Director,Part-time,44.0,12.0,PhD,42510.0,0.006,4.0,2.0,2.3,0
EMP0664,2021-01-12 03:54:32.429481,Engineering,Senior,Part-time,22.0,18.0,,58103.0,0.047,4.0,5.0,34.5,0
EMP0118,2016-01-24 19:02:33.958143,HR,Lead,Full-time,57.0,19.0,bachelor,69155.0,0.156,3.0,2.0,19.9,0
EMP0698,2021-05-05 03:29:38.707916,HR,Director,Intern,58.0,23.0,MASTER,43588.0,0.073,3.0,4.0,23.4,0
EMP0197,2016-10-13 07:29:25.605095,Legal,Mid,Contract,53.0,13.0,bachelor,76328.0,0.196,3.0,5.0,1.5,0
